atmelPwr_curr,atmelPwr_volt,threeV_plTmp,threeV_plPwr_volt,threeV_plPwr_curr,fiveV_plPwr_volt,fiveV_plPwr_curr,daughter_aTmp,daughter_aPwr_volt,daughter_aPwr_curr,rf_ampTmp,threeV_pwr_volt,threeV_pwr_curr,daughter_bTmp,daughter_bPwr_volt,daughter_bPwr_curr,boardTempNx,solarC1PwrNx_volt,solarC1PwrNx_curr,solarC2PwrNx_volt,solarC2PwrNx_curr,boardTempPx,solarC1PwrPx_volt,solarC1PwrPx_curr,solarC2PwrPx_volt,solarC2PwrPx_curr,boardTempNy,solarC1PwrNy_volt,solarC1PwrNy_curr,solarC2PwrNy_volt,solarC2PwrNy_curr,boardTempPy,solarC1PwrPy_volt,solarC1PwrPy_curr,solarC2PwrPy_volt,solarC2PwrPy_curr,boardTempPz,boardTempNz,solarC1PwrNz_volt,solarC1PwrNz_curr,battery0_volt,battery0_curr,battery0_tmp,battery0_status,battery0_ctl_status,battery1_volt,battery1_curr,battery1_tmp,battery1_status,battery1_ctl_status,battery2_volt,battery2_curr,battery2_tmp,battery2_status,battery2_ctl_status,battery3_volt,battery3_curr,battery3_tmp,battery3_status,battery3_ctl_status,battery4_volt,battery4_curr,battery4_tmp,battery4_status,battery4_ctl_status,battery5_volt,battery5_curr,battery5_tmp,battery5_status,battery5_ctl_status,battery6_volt,battery6_curr,battery6_tmp,battery6_status,battery6_ctl_status,battery7_volt,battery7_curr,battery7_tmp,battery7_status,battery7_ctl_status,longDurationCounter,userTime,sysTime,idleTime,processes,memFree,buffers,cached,freeDataFlash,dataErasures,beaconCnt,time,boottime,rx_pkts,rx_bytes,tx_pkts,tx_bytes,cam0_last_contact,cam0_enabled,cam0_powered,cam0_heater_enabled,cam0_heater_powered,cam0_busy,cam0_overtemp_enabled,cam0_overtemp,cam0_heater_running,cam0_temp,cam0_pics_rem,cam0_failures,cam1_last_contact,cam1_enabled,cam1_powered,cam1_heater_enabled,cam1_heater_powered,cam1_busy,cam1_overtemp_enabled,cam1_overtemp,cam1_heater_running,cam1_temp,cam1_pics_rem,cam1_failures,mode,flags,q0,q1,q2,q3,rate_x,rate_y,rate_z,pib_gyro_x,pib_gyro_y,pib_gyro_z,mb_gyro_x,mb_gyro_y,mb_gyro_z,nx_sol_x,nx_sol_y,px_sol_x,px_sol_y,ny_sol_x,ny_sol_y,py_sol_x,py_sol_y,pz_sol_x,pz_sol_y,px_mag_x,px_mag_y,px_mag_z,py_mag_x,py_mag_y,py_mag_z,torq_x_reg_volt,torq_x_curr,torq_y_reg_volt,torq_y_curr,torq_z_reg_volt,torq_z_curr,motor_volt,motor_curr,nx_pan_depl,px_pan_depl,ny_pan_depl,py_pan_depl,deploy_armed,pic_on,pic_busy,pic_status,motor_pos,motor_limit,wheel_speed
2880.0,247808.0,18980.0,217088.0,1536.0,331776.0,2048.0,18980.0,0.0,0.0,19300.0,217088.0,1312.0,18948.0,0.0,0.0,17604.0,247808.0,0.0,247808.0,0.0,17604.0,247808.0,0.0,247808.0,0.0,17572.0,247808.0,0.0,247808.0,0.0,17412.0,247808.0,0.0,247808.0,0.0,16676.0,18436.0,247808.0,0.0,247808.0,-2048.0,17956.0,240.0,2.0,249856.0,-1536.0,17956.0,240.0,2.0,247808.0,-1536.0,17956.0,241.0,2.0,249856.0,-2048.0,17924.0,240.0,2.0,249856.0,-2048.0,17924.0,241.0,2.0,249856.0,-3072.0,17956.0,241.0,2.0,249856.0,-3072.0,17956.0,241.0,2.0,258048.0,-512.0,17988.0,197.0,2.0,1656.0,385127.0,2854669.0,31780754.0,39809.0,76192.0,0.0,28452.0,681408.0,4448.0,50080.0,1562477841.0,1562127258.0,1303.0,79547.0,15956.0,30451233.0,104.0,1.0,0.0,1.0,1.0,0.0,1.0,0.0,0.0,18564.0,26.0,0.0,104.0,1.0,0.0,1.0,1.0,0.0,1.0,0.0,0.0,18852.0,26.0,0.0,0.0,19.0,262144.0,-524288.0,-8192000.0,-2031616.0,0.0,-262144.0,-589824.0,0.0,0.0,0.0,131072.0,4293001216.0,4290641920.0,35.0,26.0,20.0,23.0,23.0,24.0,23.0,17.0,26.0,28.0,4294953496.0,33400.0,14800.0,24800.0,23500.0,10800.0,-4096.0,-1024.0,-4096.0,-1024.0,0.0,0.0,0.0,0.0,0.0,0.0,0.0,0.0,0.0,0.0,0.0,0.0,0.0,135563.0,0.0
2208.0,331776.0,18084.0,217088.0,1536.0,331776.0,2048.0,18052.0,0.0,0.0,18116.0,217088.0,1344.0,18052.0,0.0,0.0,18660.0,331776.0,-1024.0,331776.0,0.0,18532.0,331776.0,0.0,331776.0,0.0,18756.0,331776.0,0.0,331776.0,11264.0,18436.0,331776.0,-1024.0,331776.0,0.0,17732.0,18084.0,331776.0,-1024.0,251904.0,-512.0,17540.0,160.0,0.0,253952.0,-512.0,17540.0,160.0,0.0,251904.0,-512.0,17508.0,161.0,0.0,253952.0,-512.0,17508.0,160.0,0.0,251904.0,-512.0,17540.0,161.0,0.0,251904.0,-512.0,17540.0,161.0,0.0,251904.0,-512.0,17540.0,161.0,0.0,258048.0,-512.0,17540.0,197.0,0.0,1599.0,366521.0,2736071.0,30462847.0,38212.0,76836.0,0.0,27944.0,682368.0,4267.0,47999.0,1562463273.0,1562127258.0,747.0,50247.0,9315.0,28686579.0,117.0,1.0,0.0,1.0,1.0,0.0,1.0,0.0,0.0,17700.0,26.0,0.0,117.0,1.0,0.0,1.0,1.0,0.0,1.0,0.0,0.0,17732.0,26.0,0.0,0.0,19.0,7012352.0,393216.0,-3866624.0,2424832.0,-65536.0,-196608.0,-393216.0,0.0,0.0,0.0,4294836224.0,4293656576.0,4292476928.0,17.0,29.0,44.0,23.0,22.0,11.0,36.0,18.0,15.0,29.0,22100.0,33200.0,800.0,5000.0,4294963496.0,30600.0,-4096.0,-1024.0,-4096.0,-1024.0,0.0,0.0,0.0,0.0,0.0,0.0,0.0,0.0,0.0,0.0,0.0,0.0,0.0,135563.0,0.0
1312.0,333824.0,18052.0,217088.0,1536.0,331776.0,2048.0,18084.0,0.0,0.0,18116.0,217088.0,1248.0,18052.0,0.0,0.0,18660.0,335872.0,-1024.0,335872.0,6144.0,18564.0,335872.0,0.0,335872.0,0.0,18692.0,335872.0,0.0,335872.0,2048.0,18436.0,335872.0,-1024.0,335872.0,3072.0,17668.0,18084.0,335872.0,-1024.0,251904.0,0.0,17540.0,160.0,0.0,253952.0,-512.0,17508.0,160.0,0.0,251904.0,-512.0,17508.0,161.0,0.0,253952.0,-512.0,17508.0,160.0,0.0,251904.0,0.0,17508.0,161.0,0.0,251904.0,0.0,17540.0,161.0,0.0,251904.0,-512.0,17540.0,161.0,0.0,258048.0,-512.0,17540.0,197.0,0.0,1599.0,366518.0,2736013.0,30462209.0,38212.0,76836.0,0.0,27944.0,682368.0,4267.0,47998.0,1562463266.0,1562127258.0,747.0,50247.0,9314.0,28686307.0,110.0,1.0,0.0,1.0,1.0,0.0,1.0,0.0,0.0,17700.0,26.0,0.0,110.0,1.0,0.0,1.0,1.0,0.0,1.0,0.0,0.0,17732.0,26.0,0.0,0.0,19.0,7405568.0,-327680.0,-2686976.0,2752512.0,-65536.0,-131072.0,-393216.0,0.0,0.0,0.0,4294443008.0,4294049792.0,4292214784.0,15.0,23.0,41.0,34.0,35.0,11.0,40.0,34.0,17.0,23.0,27300.0,19900.0,4294955296.0,4294964696.0,4294948396.0,21000.0,-4096.0,-1024.0,0.0,-1024.0,0.0,0.0,0.0,0.0,0.0,0.0,0.0,0.0,0.0,0.0,0.0,0.0,0.0,135563.0,0.0
2304.0,333824.0,18052.0,217088.0,1536.0,331776.0,2048.0,18052.0,0.0,0.0,18116.0,217088.0,1248.0,18052.0,0.0,0.0,18628.0,335872.0,0.0,335872.0,11264.0,18596.0,335872.0,-1024.0,335872.0,0.0,18660.0,335872.0,0.0,335872.0,0.0,18468.0,335872.0,-1024.0,335872.0,0.0,17636.0,18052.0,335872.0,-1024.0,251904.0,-512.0,17540.0,160.0,0.0,253952.0,0.0,17508.0,160.0,0.0,251904.0,-512.0,17508.0,161.0,0.0,253952.0,-512.0,17508.0,160.0,0.0,251904.0,0.0,17508.0,161.0,0.0,251904.0,-512.0,17540.0,161.0,0.0,251904.0,-512.0,17540.0,161.0,0.0,258048.0,-512.0,17540.0,197.0,0.0,1599.0,366512.0,2735956.0,30461573.0,38211.0,76836.0,0.0,27944.0,682368.0,4267.0,47997.0,1562463260.0,1562127258.0,747.0,50247.0,9313.0,28686035.0,103.0,1.0,0.0,1.0,1.0,0.0,1.0,0.0,0.0,17700.0,26.0,0.0,103.0,1.0,0.0,1.0,1.0,0.0,1.0,0.0,0.0,17732.0,26.0,0.0,0.0,19.0,7602176.0,-1310720.0,-1507328.0,2883584.0,-65536.0,-65536.0,-393216.0,0.0,0.0,0.0,4294574080.0,4294443008.0,4292214784.0,19.0,17.0,34.0,38.0,42.0,20.0,47.0,36.0,19.0,21.0,28300.0,4294967196.0,4294953396.0,4294953796.0,4294943996.0,6100.0,-4096.0,-1024.0,0.0,-1024.0,0.0,0.0,0.0,0.0,0.0,0.0,0.0,0.0,0.0,0.0,0.0,0.0,0.0,135563.0,0.0
2176.0,333824.0,18052.0,217088.0,1536.0,331776.0,2048.0,18084.0,0.0,0.0,18180.0,217088.0,1280.0,18052.0,0.0,0.0,18532.0,333824.0,0.0,333824.0,11264.0,18628.0,333824.0,-1024.0,333824.0,0.0,18660.0,333824.0,0.0,333824.0,-1024.0,18468.0,333824.0,-1024.0,333824.0,0.0,17604.0,18084.0,333824.0,-1024.0,251904.0,-512.0,17508.0,160.0,0.0,253952.0,-512.0,17508.0,160.0,0.0,251904.0,-512.0,17508.0,161.0,0.0,253952.0,-512.0,17508.0,160.0,0.0,251904.0,0.0,17508.0,161.0,0.0,251904.0,-512.0,17540.0,161.0,0.0,251904.0,-512.0,17540.0,161.0,0.0,258048.0,-512.0,17540.0,197.0,0.0,1599.0,366509.0,2735902.0,30460930.0,38211.0,76836.0,0.0,27944.0,682368.0,4267.0,47996.0,1562463252.0,1562127258.0,747.0,50247.0,9312.0,28685763.0,96.0,1.0,0.0,1.0,1.0,0.0,1.0,0.0,0.0,17700.0,26.0,0.0,96.0,1.0,0.0,1.0,1.0,0.0,1.0,0.0,0.0,17732.0,26.0,0.0,0.0,19.0,7536640.0,-2293760.0,-524288.0,2752512.0,-65536.0,-65536.0,-327680.0,0.0,0.0,0.0,4294836224.0,4294836224.0,4292739072.0,28.0,11.0,25.0,38.0,42.0,28.0,43.0,25.0,26.0,18.0,22700.0,4294950796.0,4294961696.0,4294943296.0,4294952096.0,4294959196.0,-4096.0,-1024.0,0.0,-1024.0,0.0,0.0,0.0,0.0,0.0,0.0,0.0,0.0,0.0,0.0,0.0,0.0,0.0,135563.0,0.0
1376.0,325632.0,18052.0,217088.0,2560.0,331776.0,2048.0,18052.0,0.0,0.0,18084.0,217088.0,1248.0,18052.0,0.0,0.0,18500.0,327680.0,0.0,327680.0,5120.0,18628.0,325632.0,-1024.0,325632.0,-1024.0,18692.0,327680.0,5120.0,327680.0,-1024.0,18436.0,325632.0,2048.0,327680.0,0.0,17572.0,18084.0,325632.0,0.0,251904.0,-512.0,17508.0,160.0,0.0,253952.0,-512.0,17540.0,160.0,0.0,251904.0,-512.0,17508.0,161.0,0.0,253952.0,-512.0,17508.0,160.0,0.0,251904.0,-512.0,17508.0,161.0,0.0,251904.0,-512.0,17540.0,161.0,0.0,251904.0,-512.0,17540.0,161.0,0.0,258048.0,-512.0,17540.0,197.0,0.0,1599.0,366506.0,2735844.0,30460291.0,38210.0,76836.0,0.0,27944.0,682368.0,4267.0,47995.0,1562463245.0,1562127258.0,747.0,50247.0,9309.0,28683691.0,89.0,1.0,0.0,1.0,1.0,0.0,1.0,0.0,0.0,17700.0,26.0,0.0,89.0,1.0,0.0,1.0,1.0,0.0,1.0,0.0,0.0,17732.0,26.0,0.0,0.0,19.0,7208960.0,-3276800.0,-65536.0,2686976.0,0.0,0.0,-393216.0,0.0,0.0,0.0,0.0,131072.0,4292345856.0,40.0,16.0,22.0,36.0,37.0,36.0,33.0,21.0,30.0,19.0,14600.0,4294944196.0,9500.0,4294938996.0,1800.0,4294950896.0,-4096.0,-1024.0,-4096.0,-1024.0,0.0,0.0,0.0,0.0,0.0,0.0,0.0,0.0,0.0,0.0,0.0,0.0,0.0,135563.0,0.0
1728.0,337920.0,17924.0,217088.0,1536.0,331776.0,2048.0,17892.0,0.0,0.0,17924.0,217088.0,1280.0,17924.0,0.0,0.0,18180.0,337920.0,-1024.0,339968.0,-1024.0,18148.0,337920.0,0.0,337920.0,5120.0,18372.0,339968.0,0.0,339968.0,3072.0,18084.0,337920.0,-1024.0,339968.0,4096.0,17252.0,18052.0,337920.0,-2048.0,251904.0,-512.0,17508.0,160.0,0.0,253952.0,-512.0,17508.0,160.0,0.0,251904.0,-512.0,17508.0,161.0,0.0,253952.0,-512.0,17508.0,160.0,0.0,251904.0,0.0,17508.0,161.0,0.0,251904.0,-512.0,17508.0,161.0,0.0,251904.0,-512.0,17508.0,161.0,0.0,258048.0,-512.0,17540.0,197.0,0.0,1598.0,366243.0,2733512.0,30432820.0,38181.0,76780.0,0.0,28016.0,682384.0,4259.0,47952.0,1562462944.0,1562127258.0,747.0,50247.0,9254.0,28661195.0,148.0,1.0,0.0,1.0,1.0,0.0,1.0,0.0,0.0,17572.0,26.0,0.0,148.0,1.0,0.0,1.0,1.0,0.0,1.0,0.0,0.0,17572.0,26.0,0.0,0.0,19.0,3735552.0,917504.0,-6422528.0,3801088.0,131072.0,-262144.0,-262144.0,0.0,0.0,0.0,917504.0,4293263360.0,4293001216.0,25.0,38.0,29.0,10.0,14.0,24.0,20.0,47.0,24.0,40.0,300.0,35000.0,33700.0,7900.0,34400.0,23000.0,-4096.0,-1024.0,-4096.0,-1024.0,0.0,0.0,0.0,0.0,0.0,0.0,0.0,0.0,0.0,0.0,0.0,0.0,0.0,135563.0,0.0
1280.0,335872.0,17892.0,217088.0,1536.0,331776.0,2048.0,17892.0,0.0,0.0,17956.0,217088.0,1280.0,17892.0,0.0,0.0,18180.0,335872.0,-1024.0,335872.0,0.0,18116.0,335872.0,0.0,335872.0,0.0,18308.0,335872.0,0.0,335872.0,11264.0,18116.0,335872.0,0.0,335872.0,-1024.0,17188.0,18052.0,335872.0,-2048.0,251904.0,-512.0,17508.0,160.0,0.0,253952.0,-512.0,17508.0,160.0,0.0,251904.0,-512.0,17508.0,161.0,0.0,253952.0,0.0,17508.0,160.0,0.0,251904.0,0.0,17508.0,161.0,0.0,251904.0,-512.0,17508.0,161.0,0.0,251904.0,-512.0,17508.0,161.0,0.0,258048.0,-512.0,17540.0,197.0,0.0,1598.0,366236.0,2733461.0,30432179.0,38181.0,76780.0,0.0,28016.0,682384.0,4259.0,47951.0,1562462937.0,1562127258.0,747.0,50247.0,9253.0,28660923.0,141.0,1.0,0.0,1.0,1.0,0.0,1.0,0.0,0.0,17572.0,26.0,0.0,141.0,1.0,0.0,1.0,1.0,0.0,1.0,0.0,0.0,17572.0,26.0,0.0,0.0,19.0,4325376.0,1048576.0,-5308416.0,4718592.0,65536.0,-262144.0,-327680.0,0.0,0.0,0.0,655360.0,4293132288.0,4292476928.0,21.0,35.0,39.0,16.0,18.0,17.0,35.0,40.0,19.0,35.0,9800.0,44600.0,15600.0,13100.0,15000.0,33800.0,-4096.0,-1024.0,-4096.0,-1024.0,0.0,0.0,0.0,0.0,0.0,0.0,0.0,0.0,0.0,0.0,0.0,0.0,0.0,135563.0,0.0
2272.0,337920.0,17892.0,217088.0,1536.0,331776.0,2048.0,17924.0,0.0,0.0,17924.0,217088.0,1280.0,17892.0,0.0,0.0,18212.0,339968.0,-1024.0,339968.0,6144.0,18148.0,339968.0,0.0,339968.0,0.0,18244.0,339968.0,0.0,339968.0,3072.0,18116.0,339968.0,-1024.0,339968.0,3072.0,17156.0,18052.0,339968.0,-2048.0,251904.0,-512.0,17508.0,160.0,0.0,253952.0,0.0,17508.0,160.0,0.0,251904.0,0.0,17508.0,161.0,0.0,253952.0,-512.0,17508.0,160.0,0.0,251904.0,-512.0,17508.0,161.0,0.0,251904.0,-512.0,17508.0,161.0,0.0,251904.0,-512.0,17508.0,161.0,0.0,258048.0,-512.0,17540.0,197.0,0.0,1598.0,366232.0,2733406.0,30431539.0,38180.0,76780.0,0.0,28016.0,682384.0,4258.0,47950.0,1562462930.0,1562127258.0,747.0,50247.0,9250.0,28658851.0,134.0,1.0,0.0,1.0,1.0,0.0,1.0,0.0,0.0,17572.0,26.0,0.0,134.0,1.0,0.0,1.0,1.0,0.0,1.0,0.0,0.0,17572.0,26.0,0.0,0.0,19.0,4849664.0,1114112.0,-4128768.0,5242880.0,0.0,-262144.0,-327680.0,0.0,0.0,0.0,0.0,4293132288.0,4292870144.0,18.0,27.0,40.0,24.0,25.0,13.0,43.0,41.0,18.0,28.0,19200.0,39900.0,4294962096.0,12600.0,4294959996.0,32400.0,-4096.0,-1024.0,-4096.0,-1024.0,0.0,0.0,0.0,-2048.0,0.0,0.0,0.0,0.0,0.0,0.0,0.0,0.0,0.0,135563.0,0.0
2144.0,339968.0,17860.0,217088.0,1536.0,331776.0,2048.0,17892.0,0.0,0.0,17924.0,217088.0,1728.0,17892.0,0.0,0.0,18148.0,339968.0,0.0,339968.0,12288.0,18180.0,339968.0,-1024.0,339968.0,0.0,18180.0,339968.0,-1024.0,339968.0,0.0,18180.0,339968.0,0.0,339968.0,0.0,17092.0,18084.0,339968.0,-2048.0,251904.0,-512.0,17508.0,160.0,0.0,253952.0,-512.0,17508.0,160.0,0.0,251904.0,-512.0,17508.0,161.0,0.0,253952.0,-512.0,17508.0,160.0,0.0,251904.0,0.0,17508.0,161.0,0.0,251904.0,-512.0,17508.0,161.0,0.0,251904.0,-512.0,17508.0,161.0,0.0,258048.0,-512.0,17540.0,197.0,0.0,1598.0,366228.0,2733354.0,30430895.0,38180.0,76780.0,0.0,28016.0,682384.0,4258.0,47949.0,1562462923.0,1562127258.0,747.0,50247.0,9249.0,28658579.0,127.0,1.0,0.0,1.0,1.0,0.0,1.0,0.0,0.0,17572.0,26.0,0.0,127.0,1.0,0.0,1.0,1.0,0.0,1.0,0.0,0.0,17572.0,26.0,0.0,0.0,19.0,5505024.0,983040.0,-2752512.0,5570560.0,-65536.0,-196608.0,-393216.0,0.0,0.0,0.0,4294574080.0,4293525504.0,4292214784.0,18.0,21.0,38.0,29.0,36.0,16.0,48.0,37.0,19.0,24.0,24500.0,22300.0,4294946496.0,4600.0,4294941896.0,20400.0,-4096.0,-1024.0,0.0,-1024.0,0.0,0.0,0.0,-2048.0,0.0,0.0,0.0,0.0,0.0,0.0,0.0,0.0,0.0,135563.0,0.0
2176.0,339968.0,17956.0,217088.0,2560.0,331776.0,2048.0,17956.0,0.0,0.0,17924.0,217088.0,1280.0,17956.0,0.0,0.0,18020.0,339968.0,-1024.0,339968.0,-1024.0,18020.0,339968.0,0.0,339968.0,4096.0,18180.0,339968.0,0.0,339968.0,4096.0,17924.0,339968.0,0.0,339968.0,4096.0,17060.0,18148.0,339968.0,-2048.0,251904.0,0.0,17476.0,160.0,0.0,251904.0,0.0,17476.0,160.0,0.0,251904.0,-512.0,17476.0,161.0,0.0,251904.0,0.0,17476.0,160.0,0.0,251904.0,0.0,17508.0,161.0,0.0,251904.0,-512.0,17508.0,161.0,0.0,251904.0,0.0,17508.0,161.0,0.0,258048.0,-512.0,17508.0,197.0,0.0,1574.0,357923.0,2684077.0,29886436.0,37478.0,77116.0,0.0,27724.0,682784.0,4199.0,47088.0,1562456896.0,1562127258.0,696.0,46481.0,6473.0,27874871.0,40.0,1.0,0.0,1.0,1.0,0.0,1.0,0.0,0.0,17604.0,26.0,0.0,40.0,1.0,0.0,1.0,1.0,0.0,1.0,0.0,0.0,17540.0,26.0,0.0,0.0,19.0,6094848.0,-5701632.0,-458752.0,-131072.0,65536.0,-262144.0,-262144.0,0.0,0.0,0.0,786432.0,4293263360.0,4293001216.0,28.0,37.0,24.0,13.0,17.0,27.0,19.0,49.0,27.0,39.0,5800.0,25100.0,39900.0,4294963196.0,37100.0,19400.0,-4096.0,-1024.0,0.0,-1024.0,0.0,0.0,0.0,0.0,0.0,0.0,0.0,0.0,0.0,0.0,0.0,0.0,0.0,135563.0,0.0
1536.0,344064.0,18052.0,217088.0,1536.0,331776.0,2048.0,18052.0,0.0,0.0,17796.0,217088.0,1216.0,18084.0,0.0,0.0,17092.0,344064.0,0.0,344064.0,0.0,16996.0,344064.0,-1024.0,344064.0,0.0,17124.0,344064.0,0.0,344064.0,21504.0,17412.0,344064.0,0.0,344064.0,0.0,16036.0,19332.0,344064.0,-8192.0,251904.0,0.0,17540.0,160.0,0.0,253952.0,-512.0,17540.0,160.0,0.0,251904.0,-512.0,17572.0,161.0,0.0,253952.0,0.0,17572.0,160.0,0.0,253952.0,-512.0,17572.0,161.0,0.0,251904.0,-512.0,17604.0,161.0,0.0,251904.0,-512.0,17572.0,161.0,0.0,258048.0,-512.0,17604.0,197.0,0.0,1550.0,349857.0,2632906.0,29313557.0,36791.0,77396.0,0.0,27516.0,683200.0,4116.0,46184.0,1562450568.0,1562127258.0,681.0,45569.0,3972.0,27130645.0,12.0,1.0,0.0,1.0,1.0,0.0,1.0,0.0,0.0,17604.0,26.0,0.0,12.0,1.0,0.0,1.0,1.0,0.0,1.0,0.0,0.0,17540.0,26.0,0.0,0.0,19.0,-5963776.0,2228224.0,5439488.0,589824.0,196608.0,-196608.0,-327680.0,0.0,0.0,0.0,1441792.0,4293525504.0,4292608000.0,44.0,26.0,8.0,25.0,30.0,47.0,46.0,15.0,31.0,35.0,4294960096.0,31900.0,38500.0,8900.0,41200.0,17200.0,-4096.0,-1024.0,-4096.0,-1024.0,0.0,0.0,0.0,0.0,0.0,0.0,0.0,0.0,0.0,0.0,0.0,0.0,0.0,135563.0,0.0
2688.0,260096.0,19556.0,217088.0,1536.0,331776.0,2048.0,19588.0,0.0,0.0,19556.0,217088.0,1312.0,19620.0,0.0,0.0,18084.0,260096.0,0.0,260096.0,0.0,18084.0,260096.0,0.0,260096.0,0.0,18116.0,260096.0,0.0,260096.0,0.0,18020.0,260096.0,0.0,260096.0,-1024.0,16676.0,19428.0,260096.0,0.0,260096.0,-1536.0,18148.0,240.0,2.0,262144.0,-1536.0,18116.0,240.0,2.0,260096.0,-1536.0,18116.0,241.0,2.0,262144.0,-1536.0,18116.0,240.0,2.0,262144.0,-2560.0,18116.0,241.0,2.0,262144.0,-2560.0,18116.0,240.0,2.0,262144.0,-2560.0,18148.0,241.0,2.0,262144.0,-2560.0,18148.0,241.0,2.0,1307.0,274850.0,2126559.0,23700308.0,29945.0,81008.0,0.0,24268.0,689800.0,3329.0,37325.0,1562388555.0,1562127258.0,510.0,33314.0,57292.0,22138161.0,99.0,1.0,0.0,1.0,1.0,0.0,1.0,0.0,0.0,18308.0,29.0,0.0,99.0,1.0,0.0,1.0,1.0,0.0,1.0,0.0,0.0,18500.0,29.0,0.0,0.0,19.0,6029312.0,-983040.0,2490368.0,5111808.0,-65536.0,-65536.0,-720896.0,0.0,0.0,0.0,4294836224.0,4294705152.0,4289986560.0,19.0,23.0,33.0,14.0,19.0,12.0,39.0,11.0,18.0,30.0,4294939496.0,16600.0,500.0,34500.0,16000.0,4294960696.0,-4096.0,-1024.0,-4096.0,-1024.0,0.0,0.0,0.0,0.0,1.0,1.0,1.0,1.0,0.0,0.0,0.0,0.0,0.0,135563.0,0.0
2784.0,260096.0,19588.0,217088.0,1536.0,331776.0,2048.0,19588.0,0.0,0.0,19524.0,217088.0,1248.0,19620.0,0.0,0.0,18148.0,260096.0,0.0,260096.0,0.0,18148.0,260096.0,0.0,260096.0,0.0,18180.0,260096.0,0.0,260096.0,0.0,18084.0,260096.0,0.0,260096.0,0.0,16676.0,19460.0,260096.0,0.0,260096.0,-1536.0,18116.0,240.0,2.0,262144.0,-1536.0,18116.0,240.0,2.0,260096.0,-1536.0,18116.0,241.0,2.0,262144.0,-1536.0,18116.0,240.0,2.0,262144.0,-2048.0,18116.0,241.0,2.0,262144.0,-2560.0,18116.0,240.0,2.0,262144.0,-2560.0,18148.0,241.0,2.0,262144.0,-2560.0,18148.0,241.0,2.0,1307.0,274839.0,2126443.0,23699037.0,29944.0,81008.0,0.0,24268.0,689800.0,3329.0,37323.0,1562388542.0,1562127258.0,510.0,33314.0,57288.0,22135817.0,85.0,1.0,0.0,1.0,1.0,0.0,1.0,0.0,0.0,18308.0,29.0,0.0,85.0,1.0,0.0,1.0,1.0,0.0,1.0,0.0,0.0,18500.0,29.0,0.0,0.0,19.0,4063232.0,-4259840.0,4718592.0,3538944.0,65536.0,-65536.0,-720896.0,0.0,0.0,0.0,786432.0,4294836224.0,4289855488.0,17.0,16.0,39.0,18.0,26.0,12.0,39.0,11.0,18.0,23.0,4294944296.0,16700.0,4294956396.0,35300.0,3500.0,4294962596.0,-4096.0,-1024.0,-4096.0,-1024.0,0.0,0.0,0.0,0.0,1.0,1.0,1.0,1.0,0.0,0.0,0.0,0.0,0.0,135563.0,0.0
1856.0,260096.0,19716.0,217088.0,1536.0,331776.0,2048.0,19716.0,0.0,0.0,19588.0,217088.0,1248.0,19716.0,0.0,0.0,18436.0,260096.0,0.0,260096.0,0.0,18436.0,260096.0,0.0,260096.0,0.0,18500.0,260096.0,0.0,260096.0,0.0,18308.0,260096.0,-1024.0,260096.0,0.0,16804.0,19780.0,260096.0,0.0,260096.0,-1024.0,18116.0,240.0,2.0,262144.0,-1536.0,18116.0,240.0,2.0,260096.0,-1024.0,18116.0,241.0,2.0,262144.0,-1536.0,18084.0,240.0,2.0,262144.0,-2560.0,18116.0,241.0,2.0,262144.0,-2560.0,18116.0,240.0,2.0,262144.0,-2560.0,18148.0,241.0,2.0,262144.0,-2560.0,18148.0,241.0,2.0,1307.0,274791.0,2125962.0,23693274.0,29940.0,81008.0,0.0,24264.0,689800.0,3326.0,37314.0,1562388478.0,1562127258.0,497.0,32588.0,57271.0,22130585.0,22.0,1.0,0.0,1.0,1.0,0.0,1.0,0.0,0.0,18308.0,29.0,0.0,22.0,1.0,0.0,1.0,1.0,0.0,1.0,0.0,0.0,18500.0,29.0,0.0,0.0,19.0,-7405568.0,2424832.0,-1310720.0,-2883584.0,-131072.0,-131072.0,-720896.0,0.0,0.0,0.0,4294311936.0,4294049792.0,4289724416.0,35.0,45.0,46.0,16.0,10.0,22.0,39.0,11.0,16.0,45.0,4294955296.0,29500.0,4294955496.0,30500.0,4294966296.0,10500.0,-4096.0,-1024.0,-4096.0,-1024.0,0.0,0.0,0.0,0.0,1.0,1.0,1.0,1.0,0.0,0.0,0.0,0.0,0.0,135563.0,0.0
1312.0,329728.0,18020.0,217088.0,1536.0,331776.0,2048.0,17988.0,0.0,0.0,18372.0,217088.0,1216.0,18020.0,0.0,0.0,18724.0,329728.0,12288.0,329728.0,-1024.0,19172.0,329728.0,-1024.0,329728.0,-1024.0,19172.0,329728.0,2048.0,329728.0,-1024.0,18372.0,329728.0,0.0,329728.0,0.0,18212.0,17476.0,329728.0,-1024.0,262144.0,-512.0,17796.0,160.0,0.0,262144.0,0.0,17796.0,160.0,0.0,262144.0,-512.0,17796.0,161.0,0.0,262144.0,0.0,17764.0,160.0,0.0,262144.0,-512.0,17764.0,161.0,0.0,262144.0,-512.0,17796.0,160.0,0.0,262144.0,0.0,17796.0,161.0,0.0,262144.0,0.0,17828.0,161.0,0.0,1260.0,257022.0,2033543.0,22591650.0,28416.0,82240.0,0.0,23124.0,692160.0,3149.0,35581.0,1562376347.0,1562127258.0,386.0,25796.0,54296.0,21047029.0,131.0,1.0,0.0,1.0,1.0,0.0,1.0,0.0,0.0,18308.0,26.0,0.0,131.0,1.0,0.0,1.0,1.0,0.0,1.0,0.0,0.0,18564.0,26.0,0.0,0.0,17.0,-6356992.0,-3276800.0,2883584.0,-3342336.0,-262144.0,-131072.0,720896.0,0.0,0.0,0.0,4293263360.0,4294049792.0,5373952.0,45.0,8.0,14.0,44.0,8.0,11.0,49.0,45.0,37.0,47.0,197200.0,97100.0,4294773296.0,94000.0,4294930796.0,4294935596.0,-4096.0,-1024.0,-4096.0,-1024.0,0.0,0.0,0.0,0.0,0.0,0.0,0.0,0.0,0.0,0.0,0.0,0.0,0.0,135563.0,0.0
1344.0,329728.0,18020.0,217088.0,2048.0,331776.0,2560.0,18020.0,0.0,0.0,18340.0,217088.0,1280.0,18020.0,0.0,0.0,18724.0,329728.0,8192.0,329728.0,-1024.0,19204.0,329728.0,-1024.0,329728.0,-1024.0,19172.0,329728.0,6144.0,329728.0,-1024.0,18372.0,329728.0,0.0,329728.0,-1024.0,18212.0,17444.0,329728.0,-1024.0,262144.0,-512.0,17796.0,160.0,0.0,262144.0,0.0,17796.0,160.0,0.0,262144.0,-512.0,17796.0,161.0,0.0,262144.0,0.0,17764.0,160.0,0.0,262144.0,0.0,17764.0,161.0,0.0,262144.0,-512.0,17764.0,160.0,0.0,262144.0,-512.0,17796.0,161.0,0.0,262144.0,0.0,17828.0,161.0,0.0,1260.0,257019.0,2033495.0,22591002.0,28416.0,82240.0,0.0,23124.0,692160.0,3149.0,35580.0,1562376340.0,1562127258.0,386.0,25796.0,54295.0,21046757.0,124.0,1.0,0.0,1.0,1.0,0.0,1.0,0.0,0.0,18308.0,26.0,0.0,124.0,1.0,0.0,1.0,1.0,0.0,1.0,0.0,0.0,18564.0,26.0,0.0,0.0,17.0,-5636096.0,-4980736.0,3407872.0,-1572864.0,-196608.0,-196608.0,720896.0,0.0,0.0,0.0,4293525504.0,4293656576.0,5505024.0,46.0,13.0,9.0,39.0,12.0,8.0,46.0,46.0,44.0,46.0,197300.0,105800.0,4294767996.0,93100.0,4294936896.0,4294945796.0,-4096.0,-1024.0,-4096.0,-1024.0,0.0,0.0,0.0,0.0,0.0,0.0,0.0,0.0,0.0,0.0,0.0,0.0,0.0,135563.0,0.0
1440.0,327680.0,18020.0,217088.0,1536.0,331776.0,2560.0,18020.0,0.0,0.0,18404.0,217088.0,1184.0,18052.0,0.0,0.0,18692.0,327680.0,0.0,327680.0,-1024.0,19268.0,327680.0,-1024.0,327680.0,-1024.0,19044.0,329728.0,14336.0,329728.0,-1024.0,18436.0,329728.0,-1024.0,327680.0,-1024.0,18180.0,17412.0,327680.0,0.0,262144.0,-512.0,17796.0,160.0,0.0,262144.0,0.0,17796.0,160.0,0.0,262144.0,-512.0,17796.0,161.0,0.0,262144.0,0.0,17764.0,160.0,0.0,262144.0,0.0,17764.0,161.0,0.0,262144.0,-512.0,17764.0,160.0,0.0,262144.0,-512.0,17796.0,161.0,0.0,262144.0,0.0,17796.0,161.0,0.0,1260.0,257009.0,2033383.0,22589725.0,28415.0,82240.0,0.0,23124.0,692160.0,3149.0,35578.0,1562376326.0,1562127258.0,386.0,25796.0,54293.0,21046213.0,110.0,1.0,0.0,1.0,1.0,0.0,1.0,0.0,0.0,18308.0,26.0,0.0,110.0,1.0,0.0,1.0,1.0,0.0,1.0,0.0,0.0,18564.0,26.0,0.0,0.0,17.0,-2752512.0,-7208960.0,2621440.0,2162688.0,-131072.0,-327680.0,720896.0,0.0,0.0,0.0,4294311936.0,4292739072.0,5505024.0,48.0,21.0,7.0,36.0,21.0,6.0,37.0,49.0,51.0,34.0,195700.0,114900.0,191100.0,86600.0,4294956596.0,4294958396.0,-4096.0,-1024.0,-4096.0,-1024.0,0.0,0.0,0.0,0.0,0.0,0.0,0.0,0.0,0.0,0.0,0.0,0.0,0.0,135563.0,0.0
2208.0,331776.0,18628.0,217088.0,1536.0,331776.0,2560.0,18596.0,0.0,0.0,18628.0,217088.0,1632.0,18628.0,0.0,0.0,18372.0,333824.0,0.0,333824.0,-1024.0,18116.0,333824.0,1024.0,333824.0,0.0,18532.0,333824.0,11264.0,333824.0,0.0,17924.0,333824.0,0.0,333824.0,-1024.0,18660.0,18692.0,333824.0,1024.0,264192.0,-512.0,17636.0,160.0,0.0,264192.0,-512.0,17604.0,160.0,0.0,262144.0,0.0,17604.0,161.0,0.0,264192.0,0.0,17604.0,160.0,0.0,264192.0,-512.0,17604.0,161.0,0.0,264192.0,-512.0,17604.0,160.0,0.0,264192.0,-512.0,17636.0,161.0,0.0,264192.0,-512.0,17636.0,161.0,0.0,1235.0,250078.0,1980588.0,22013137.0,27739.0,82492.0,0.0,22920.0,692568.0,3075.0,34668.0,1562369956.0,1562127258.0,291.0,17491.0,53009.0,20534046.0,40.0,1.0,0.0,1.0,1.0,0.0,1.0,0.0,0.0,17892.0,26.0,0.0,40.0,1.0,0.0,1.0,1.0,0.0,1.0,0.0,0.0,17892.0,26.0,0.0,0.0,17.0,-4915200.0,786432.0,5570560.0,-3866624.0,0.0,-393216.0,720896.0,0.0,0.0,0.0,393216.0,4292345856.0,5242880.0,39.0,8.0,18.0,47.0,9.0,19.0,50.0,38.0,45.0,18.0,185800.0,109600.0,4294785596.0,87100.0,4294932496.0,4294945196.0,-4096.0,-1024.0,-4096.0,-1024.0,0.0,0.0,0.0,0.0,0.0,0.0,0.0,0.0,0.0,0.0,0.0,0.0,0.0,135563.0,0.0
1280.0,344064.0,17956.0,217088.0,2048.0,331776.0,2048.0,17924.0,0.0,0.0,17892.0,217088.0,1280.0,17956.0,0.0,0.0,17252.0,344064.0,0.0,346112.0,0.0,17380.0,344064.0,14336.0,346112.0,0.0,16996.0,344064.0,0.0,344064.0,0.0,17380.0,346112.0,5120.0,346112.0,0.0,17796.0,18532.0,346112.0,-4096.0,262144.0,-512.0,17380.0,160.0,0.0,264192.0,-512.0,17380.0,160.0,0.0,262144.0,0.0,17412.0,161.0,0.0,264192.0,-512.0,17380.0,160.0,0.0,264192.0,-512.0,17412.0,161.0,0.0,264192.0,0.0,17412.0,160.0,0.0,264192.0,-512.0,17412.0,161.0,0.0,264192.0,-512.0,17412.0,161.0,0.0,1226.0,247353.0,1961577.0,21811801.0,27523.0,82548.0,0.0,22856.0,692696.0,3046.0,34349.0,1562367723.0,1562127258.0,291.0,17491.0,52592.0,20359078.0,147.0,1.0,0.0,1.0,1.0,0.0,1.0,0.0,0.0,17540.0,26.0,0.0,147.0,1.0,0.0,1.0,1.0,0.0,1.0,0.0,0.0,17508.0,26.0,0.0,0.0,17.0,7143424.0,-1245184.0,1900544.0,3670016.0,0.0,262144.0,720896.0,0.0,0.0,0.0,131072.0,1835008.0,5505024.0,20.0,8.0,35.0,49.0,11.0,36.0,49.0,22.0,24.0,34.0,177300.0,80600.0,183900.0,58800.0,16700.0,4294914696.0,-4096.0,-1024.0,0.0,-1024.0,0.0,0.0,0.0,0.0,0.0,0.0,0.0,1.0,0.0,0.0,0.0,0.0,0.0,135563.0,0.0
2176.0,346112.0,17860.0,217088.0,1536.0,331776.0,2560.0,17828.0,16384.0,0.0,17796.0,217088.0,1280.0,17892.0,0.0,0.0,17188.0,346112.0,0.0,346112.0,0.0,17060.0,346112.0,18432.0,346112.0,0.0,16740.0,346112.0,0.0,346112.0,0.0,17316.0,346112.0,0.0,346112.0,0.0,18052.0,18148.0,346112.0,-4096.0,262144.0,-512.0,17380.0,160.0,0.0,264192.0,-512.0,17412.0,160.0,0.0,262144.0,0.0,17412.0,161.0,0.0,264192.0,-512.0,17412.0,160.0,0.0,264192.0,-512.0,17412.0,161.0,0.0,264192.0,-512.0,17412.0,160.0,0.0,264192.0,0.0,17412.0,161.0,0.0,264192.0,0.0,17444.0,161.0,0.0,1226.0,247290.0,1960843.0,21802810.0,27517.0,82548.0,0.0,22852.0,692696.0,3044.0,34335.0,1562367625.0,1562127258.0,291.0,17491.0,52574.0,20351670.0,49.0,1.0,0.0,1.0,1.0,0.0,1.0,0.0,0.0,17540.0,26.0,0.0,49.0,1.0,0.0,1.0,1.0,0.0,1.0,0.0,0.0,17508.0,26.0,0.0,0.0,17.0,-3211264.0,-5636096.0,4849664.0,-2162688.0,131072.0,-327680.0,786432.0,0.0,0.0,0.0,1441792.0,4292608000.0,5636096.0,23.0,46.0,32.0,10.0,21.0,23.0,10.0,22.0,44.0,47.0,177100.0,91200.0,177600.0,86600.0,25000.0,4294924596.0,-4096.0,-1024.0,-4096.0,-1024.0,0.0,0.0,0.0,0.0,0.0,0.0,0.0,1.0,0.0,0.0,0.0,0.0,0.0,135563.0,0.0
1312.0,344064.0,17860.0,217088.0,1536.0,331776.0,2560.0,17860.0,0.0,0.0,17796.0,217088.0,1696.0,17892.0,0.0,0.0,17220.0,344064.0,-1024.0,344064.0,0.0,17028.0,344064.0,14336.0,344064.0,0.0,16740.0,344064.0,0.0,344064.0,0.0,17316.0,344064.0,4096.0,344064.0,0.0,18020.0,18180.0,344064.0,-3072.0,262144.0,-512.0,17380.0,160.0,0.0,264192.0,-512.0,17380.0,160.0,0.0,262144.0,0.0,17412.0,161.0,0.0,264192.0,-512.0,17380.0,160.0,0.0,264192.0,-512.0,17412.0,161.0,0.0,264192.0,-512.0,17412.0,160.0,0.0,264192.0,0.0,17412.0,161.0,0.0,264192.0,0.0,17444.0,161.0,0.0,1226.0,247289.0,1960786.0,21802169.0,27516.0,82548.0,0.0,22852.0,692696.0,3044.0,34334.0,1562367618.0,1562127258.0,291.0,17491.0,52571.0,20349598.0,42.0,1.0,0.0,1.0,1.0,0.0,1.0,0.0,0.0,17540.0,26.0,0.0,42.0,1.0,0.0,1.0,1.0,0.0,1.0,0.0,0.0,17508.0,26.0,0.0,0.0,17.0,-1638400.0,-6881280.0,4587520.0,-196608.0,196608.0,-262144.0,786432.0,0.0,0.0,0.0,1835008.0,4293001216.0,5636096.0,20.0,44.0,40.0,13.0,44.0,40.0,12.0,18.0,47.0,42.0,177000.0,78700.0,181200.0,79100.0,22700.0,4294913696.0,-4096.0,-1024.0,-4096.0,-1024.0,0.0,0.0,0.0,0.0,0.0,0.0,0.0,1.0,0.0,0.0,0.0,0.0,0.0,135563.0,0.0
1280.0,339968.0,17860.0,217088.0,2048.0,331776.0,2560.0,17860.0,0.0,0.0,17796.0,217088.0,1280.0,17892.0,0.0,0.0,17220.0,339968.0,-1024.0,339968.0,0.0,16996.0,339968.0,6144.0,339968.0,0.0,16740.0,339968.0,0.0,339968.0,0.0,17284.0,339968.0,11264.0,342016.0,0.0,17988.0,18212.0,339968.0,-3072.0,262144.0,-512.0,17380.0,160.0,0.0,264192.0,-512.0,17380.0,160.0,0.0,262144.0,0.0,17412.0,161.0,0.0,264192.0,-512.0,17412.0,160.0,0.0,264192.0,-512.0,17412.0,161.0,0.0,264192.0,-512.0,17412.0,160.0,0.0,264192.0,0.0,17412.0,161.0,0.0,264192.0,-512.0,17444.0,161.0,0.0,1225.0,247285.0,1960734.0,21801526.0,27516.0,82548.0,0.0,22852.0,692696.0,3043.0,34333.0,1562367611.0,1562127258.0,291.0,17491.0,52570.0,20349326.0,35.0,1.0,0.0,1.0,1.0,0.0,1.0,0.0,0.0,17540.0,26.0,0.0,35.0,1.0,0.0,1.0,1.0,0.0,1.0,0.0,0.0,17508.0,26.0,0.0,0.0,17.0,196608.0,-7405568.0,3670016.0,1638400.0,262144.0,-262144.0,720896.0,0.0,0.0,0.0,2097152.0,4293132288.0,5505024.0,20.0,37.0,38.0,19.0,37.0,37.0,20.0,18.0,47.0,37.0,177200.0,69900.0,187600.0,70700.0,16000.0,4294903796.0,-4096.0,-1024.0,0.0,-1024.0,0.0,0.0,0.0,0.0,0.0,0.0,0.0,1.0,0.0,0.0,0.0,0.0,0.0,135563.0,0.0
2176.0,333824.0,17860.0,215040.0,1536.0,331776.0,2560.0,17860.0,0.0,0.0,17796.0,217088.0,1280.0,17892.0,0.0,0.0,17220.0,335872.0,0.0,335872.0,0.0,16996.0,335872.0,0.0,335872.0,0.0,16740.0,335872.0,3072.0,335872.0,0.0,17284.0,335872.0,12288.0,335872.0,0.0,17924.0,18276.0,335872.0,-2048.0,262144.0,-512.0,17380.0,160.0,0.0,264192.0,-512.0,17412.0,160.0,0.0,262144.0,0.0,17412.0,161.0,0.0,264192.0,0.0,17412.0,160.0,0.0,264192.0,-512.0,17412.0,161.0,0.0,264192.0,-512.0,17412.0,160.0,0.0,264192.0,0.0,17412.0,161.0,0.0,264192.0,0.0,17444.0,161.0,0.0,1225.0,247282.0,1960679.0,21800884.0,27515.0,82540.0,0.0,22852.0,692696.0,3043.0,34332.0,1562367604.0,1562127258.0,291.0,17491.0,52569.0,20349054.0,28.0,1.0,0.0,1.0,1.0,0.0,1.0,0.0,0.0,17540.0,26.0,0.0,28.0,1.0,0.0,1.0,1.0,0.0,1.0,0.0,0.0,17508.0,26.0,0.0,0.0,17.0,2097152.0,-7143424.0,2097152.0,3211264.0,327680.0,-196608.0,786432.0,0.0,0.0,0.0,2752512.0,4293525504.0,5636096.0,22.0,30.0,34.0,25.0,31.0,34.0,25.0,20.0,46.0,29.0,177300.0,66000.0,199500.0,62700.0,6000.0,4294898096.0,-4096.0,-1024.0,0.0,-1024.0,0.0,0.0,0.0,-2048.0,0.0,0.0,0.0,1.0,0.0,0.0,0.0,0.0,0.0,135563.0,0.0
1984.0,321536.0,17860.0,217088.0,1536.0,331776.0,2560.0,17860.0,0.0,0.0,17764.0,217088.0,1280.0,17860.0,0.0,0.0,17252.0,321536.0,-1024.0,321536.0,-1024.0,17028.0,321536.0,0.0,321536.0,0.0,16740.0,321536.0,9216.0,321536.0,0.0,17284.0,321536.0,4096.0,321536.0,0.0,17828.0,18308.0,321536.0,0.0,262144.0,-512.0,17380.0,160.0,0.0,264192.0,-512.0,17380.0,160.0,0.0,262144.0,0.0,17412.0,161.0,0.0,264192.0,-512.0,17412.0,160.0,0.0,264192.0,-512.0,17412.0,161.0,0.0,264192.0,-512.0,17412.0,160.0,0.0,264192.0,0.0,17412.0,161.0,0.0,264192.0,0.0,17444.0,161.0,0.0,1225.0,247271.0,1960607.0,21800268.0,27491.0,82548.0,0.0,22848.0,692696.0,3043.0,34331.0,1562367597.0,1562127258.0,291.0,17491.0,52568.0,20348782.0,21.0,1.0,0.0,1.0,1.0,0.0,1.0,0.0,0.0,17540.0,26.0,0.0,21.0,1.0,0.0,1.0,1.0,0.0,1.0,0.0,0.0,17508.0,26.0,0.0,0.0,17.0,3735552.0,-6160384.0,65536.0,4325376.0,327680.0,-131072.0,720896.0,0.0,0.0,0.0,2752512.0,4294049792.0,5505024.0,26.0,26.0,29.0,28.0,27.0,30.0,28.0,24.0,44.0,25.0,177300.0,67600.0,4294767696.0,54800.0,4294963296.0,4294898996.0,-4096.0,-1024.0,-4096.0,-1024.0,0.0,0.0,0.0,0.0,0.0,0.0,0.0,1.0,0.0,0.0,0.0,0.0,0.0,135563.0,0.0
1280.0,348160.0,17860.0,217088.0,2560.0,331776.0,2560.0,17828.0,0.0,0.0,17764.0,217088.0,1184.0,17860.0,0.0,0.0,17316.0,348160.0,0.0,348160.0,0.0,16964.0,348160.0,5120.0,348160.0,0.0,16644.0,350208.0,14336.0,350208.0,0.0,17348.0,348160.0,0.0,350208.0,0.0,17572.0,18372.0,348160.0,-4096.0,262144.0,-512.0,17380.0,160.0,0.0,264192.0,0.0,17412.0,160.0,0.0,262144.0,0.0,17412.0,161.0,0.0,264192.0,0.0,17412.0,160.0,0.0,264192.0,0.0,17412.0,161.0,0.0,264192.0,-512.0,17412.0,160.0,0.0,264192.0,-512.0,17412.0,161.0,0.0,264192.0,-512.0,17444.0,161.0,0.0,1225.0,247243.0,1960379.0,21797727.0,27485.0,82604.0,0.0,22832.0,692720.0,3043.0,34327.0,1562367569.0,1562127258.0,291.0,17491.0,52562.0,20345894.0,173.0,1.0,0.0,1.0,1.0,0.0,1.0,0.0,1.0,17572.0,26.0,0.0,173.0,1.0,0.0,1.0,1.0,0.0,1.0,0.0,0.0,17572.0,26.0,0.0,0.0,17.0,4128768.0,2359296.0,-6815744.0,1179648.0,262144.0,131072.0,786432.0,0.0,0.0,0.0,2097152.0,1179648.0,5636096.0,43.0,41.0,15.0,15.0,43.0,14.0,14.0,41.0,27.0,21.0,177400.0,100500.0,4294772096.0,39300.0,4294958696.0,4294929796.0,-4096.0,-1024.0,0.0,-1024.0,0.0,0.0,0.0,0.0,0.0,0.0,0.0,1.0,0.0,0.0,0.0,0.0,0.0,135563.0,0.0
1248.0,348160.0,17860.0,217088.0,1536.0,331776.0,2560.0,17796.0,0.0,0.0,17764.0,217088.0,1216.0,17828.0,0.0,0.0,17348.0,350208.0,-1024.0,350208.0,-1024.0,16900.0,350208.0,14336.0,350208.0,0.0,16612.0,350208.0,5120.0,350208.0,0.0,17348.0,350208.0,0.0,350208.0,0.0,17572.0,18372.0,350208.0,-4096.0,262144.0,-512.0,17380.0,160.0,0.0,264192.0,-512.0,17412.0,160.0,0.0,262144.0,0.0,17412.0,161.0,0.0,264192.0,0.0,17412.0,160.0,0.0,264192.0,-512.0,17412.0,161.0,0.0,264192.0,-512.0,17412.0,160.0,0.0,264192.0,0.0,17412.0,161.0,0.0,264192.0,0.0,17444.0,161.0,0.0,1225.0,247239.0,1960323.0,21797087.0,27484.0,82604.0,0.0,22832.0,692720.0,3043.0,34326.0,1562367563.0,1562127258.0,291.0,17491.0,52561.0,20345622.0,166.0,1.0,0.0,1.0,1.0,0.0,1.0,0.0,1.0,17572.0,26.0,0.0,166.0,1.0,0.0,1.0,1.0,0.0,1.0,0.0,0.0,17572.0,26.0,0.0,0.0,17.0,2686976.0,3801088.0,-7012352.0,-655360.0,196608.0,196608.0,786432.0,0.0,0.0,0.0,1835008.0,1835008.0,5767168.0,38.0,49.0,19.0,7.0,48.0,20.0,7.0,35.0,24.0,23.0,177000.0,102200.0,204300.0,41000.0,500.0,4294932496.0,-4096.0,-1024.0,0.0,-1024.0,0.0,0.0,0.0,0.0,0.0,0.0,0.0,1.0,0.0,0.0,0.0,0.0,0.0,135563.0,0.0
1248.0,348160.0,17860.0,217088.0,1536.0,331776.0,2560.0,17796.0,0.0,0.0,17764.0,217088.0,1216.0,17828.0,0.0,0.0,17348.0,350208.0,-1024.0,350208.0,-1024.0,16900.0,350208.0,14336.0,350208.0,0.0,16612.0,350208.0,5120.0,350208.0,0.0,17348.0,350208.0,0.0,350208.0,0.0,17572.0,18372.0,350208.0,-4096.0,262144.0,-512.0,17380.0,160.0,0.0,264192.0,-512.0,17412.0,160.0,0.0,262144.0,0.0,17412.0,161.0,0.0,264192.0,0.0,17412.0,160.0,0.0,264192.0,-512.0,17412.0,161.0,0.0,264192.0,-512.0,17412.0,160.0,0.0,264192.0,0.0,17412.0,161.0,0.0,264192.0,0.0,17444.0,161.0,0.0,1225.0,247239.0,1960323.0,21797087.0,27484.0,82604.0,0.0,22832.0,692720.0,3043.0,34326.0,1562367563.0,1562127258.0,291.0,17491.0,52561.0,20345622.0,166.0,1.0,0.0,1.0,1.0,0.0,1.0,0.0,1.0,17572.0,26.0,0.0,166.0,1.0,0.0,1.0,1.0,0.0,1.0,0.0,0.0,17572.0,26.0,0.0,0.0,17.0,2686976.0,3801088.0,-7012352.0,-655360.0,196608.0,196608.0,786432.0,0.0,0.0,0.0,1835008.0,1835008.0,5767168.0,38.0,49.0,19.0,7.0,48.0,20.0,7.0,35.0,24.0,23.0,177000.0,102200.0,204300.0,41000.0,500.0,4294932496.0,-4096.0,-1024.0,0.0,-1024.0,0.0,0.0,0.0,0.0,0.0,0.0,0.0,1.0,0.0,0.0,0.0,0.0,0.0,135563.0,0.0
1248.0,350208.0,17828.0,217088.0,1536.0,331776.0,2048.0,17796.0,0.0,0.0,17732.0,217088.0,1248.0,17828.0,0.0,0.0,17380.0,350208.0,0.0,350208.0,0.0,16804.0,350208.0,19456.0,350208.0,0.0,16612.0,350208.0,0.0,350208.0,0.0,17348.0,350208.0,0.0,350208.0,-1024.0,17604.0,18404.0,350208.0,-4096.0,262144.0,0.0,17380.0,160.0,0.0,264192.0,-512.0,17412.0,160.0,0.0,262144.0,-512.0,17412.0,161.0,0.0,264192.0,-512.0,17412.0,160.0,0.0,264192.0,-512.0,17412.0,161.0,0.0,264192.0,-512.0,17412.0,160.0,0.0,264192.0,0.0,17412.0,161.0,0.0,264192.0,0.0,17444.0,161.0,0.0,1225.0,247235.0,1960276.0,21796439.0,27484.0,82604.0,0.0,22832.0,692720.0,3043.0,34325.0,1562367555.0,1562127258.0,291.0,17491.0,52560.0,20345350.0,159.0,1.0,0.0,1.0,1.0,0.0,1.0,0.0,1.0,17572.0,26.0,0.0,159.0,1.0,0.0,1.0,1.0,0.0,1.0,0.0,0.0,17572.0,26.0,0.0,0.0,17.0,851968.0,4587520.0,-6553600.0,-2359296.0,131072.0,196608.0,786432.0,0.0,0.0,0.0,1048576.0,1703936.0,6029312.0,30.0,52.0,26.0,4.0,51.0,26.0,5.0,28.0,22.0,26.0,176700.0,98800.0,194100.0,45000.0,9900.0,4294930396.0,-4096.0,-1024.0,0.0,-1024.0,0.0,0.0,0.0,0.0,0.0,0.0,0.0,1.0,0.0,0.0,0.0,0.0,0.0,135563.0,0.0
1344.0,350208.0,17828.0,217088.0,2048.0,331776.0,2048.0,17796.0,0.0,0.0,17764.0,217088.0,1280.0,17828.0,0.0,0.0,17348.0,352256.0,-1024.0,352256.0,0.0,16708.0,352256.0,19456.0,352256.0,0.0,16612.0,352256.0,0.0,352256.0,0.0,17348.0,352256.0,0.0,352256.0,0.0,17636.0,18436.0,352256.0,-5120.0,262144.0,0.0,17380.0,160.0,0.0,264192.0,0.0,17412.0,160.0,0.0,262144.0,0.0,17412.0,161.0,0.0,264192.0,-512.0,17412.0,160.0,0.0,264192.0,-512.0,17412.0,161.0,0.0,264192.0,-512.0,17444.0,160.0,0.0,264192.0,0.0,17412.0,161.0,0.0,264192.0,0.0,17444.0,161.0,0.0,1225.0,247230.0,1960221.0,21795800.0,27483.0,82604.0,0.0,22832.0,692720.0,3043.0,34324.0,1562367548.0,1562127258.0,291.0,17491.0,52559.0,20345078.0,152.0,1.0,0.0,1.0,1.0,0.0,1.0,0.0,1.0,17572.0,26.0,0.0,152.0,1.0,0.0,1.0,1.0,0.0,1.0,0.0,0.0,17572.0,26.0,0.0,0.0,17.0,-983040.0,4849664.0,-5701632.0,-3735552.0,65536.0,262144.0,851968.0,0.0,0.0,0.0,655360.0,1835008.0,6291456.0,14.0,12.0,39.0,46.0,14.0,44.0,47.0,18.0,22.0,23.0,177000.0,89500.0,190300.0,51500.0,16200.0,4294922596.0,-4096.0,-1024.0,0.0,-1024.0,0.0,0.0,0.0,0.0,0.0,0.0,0.0,1.0,0.0,0.0,0.0,0.0,0.0,135563.0,0.0
2144.0,344064.0,17796.0,217088.0,1536.0,331776.0,2560.0,17764.0,0.0,0.0,17732.0,217088.0,1280.0,17796.0,0.0,0.0,17348.0,344064.0,0.0,344064.0,0.0,16612.0,344064.0,0.0,344064.0,0.0,16676.0,344064.0,0.0,344064.0,0.0,17156.0,344064.0,12288.0,344064.0,0.0,17764.0,18340.0,344064.0,1024.0,262144.0,0.0,17412.0,160.0,0.0,264192.0,-512.0,17412.0,160.0,0.0,262144.0,-512.0,17412.0,161.0,0.0,264192.0,-512.0,17412.0,160.0,0.0,264192.0,-512.0,17412.0,161.0,0.0,264192.0,0.0,17444.0,160.0,0.0,264192.0,-512.0,17412.0,161.0,0.0,264192.0,-512.0,17444.0,161.0,0.0,1225.0,247218.0,1960004.0,21793231.0,27482.0,82604.0,0.0,22832.0,692720.0,3043.0,34320.0,1562367520.0,1562127258.0,291.0,17491.0,52553.0,20342190.0,124.0,1.0,0.0,1.0,1.0,0.0,1.0,0.0,1.0,17572.0,26.0,0.0,124.0,1.0,0.0,1.0,1.0,0.0,1.0,0.0,0.0,17572.0,26.0,0.0,0.0,17.0,-6815744.0,262144.0,524288.0,-4980736.0,-196608.0,65536.0,851968.0,0.0,0.0,0.0,4293787648.0,524288.0,6160384.0,42.0,18.0,17.0,39.0,18.0,16.0,40.0,40.0,18.0,32.0,177300.0,56000.0,4294778596.0,89600.0,4294955496.0,4294886896.0,-4096.0,-1024.0,0.0,-1024.0,0.0,0.0,0.0,0.0,0.0,0.0,0.0,1.0,0.0,0.0,0.0,0.0,0.0,135563.0,0.0
2176.0,337920.0,17764.0,217088.0,1536.0,331776.0,2048.0,17764.0,0.0,0.0,17732.0,217088.0,1312.0,17764.0,0.0,0.0,17348.0,339968.0,9216.0,339968.0,0.0,16644.0,337920.0,0.0,337920.0,0.0,16676.0,337920.0,1024.0,337920.0,0.0,17156.0,337920.0,2048.0,339968.0,0.0,17764.0,18276.0,337920.0,1024.0,262144.0,0.0,17380.0,160.0,0.0,264192.0,-512.0,17412.0,160.0,0.0,262144.0,-512.0,17412.0,161.0,0.0,264192.0,-512.0,17412.0,160.0,0.0,264192.0,0.0,17412.0,161.0,0.0,264192.0,-512.0,17444.0,160.0,0.0,264192.0,-512.0,17412.0,161.0,0.0,264192.0,-512.0,17444.0,161.0,0.0,1225.0,247214.0,1959959.0,21792580.0,27481.0,82604.0,0.0,22832.0,692720.0,3043.0,34319.0,1562367513.0,1562127258.0,291.0,17491.0,52552.0,20341918.0,117.0,1.0,0.0,1.0,1.0,0.0,1.0,0.0,1.0,17572.0,26.0,0.0,117.0,1.0,0.0,1.0,1.0,0.0,1.0,0.0,0.0,17572.0,26.0,0.0,0.0,17.0,-6946816.0,-2031616.0,1966080.0,-3866624.0,-196608.0,-65536.0,851968.0,0.0,0.0,0.0,4293656576.0,4294836224.0,6291456.0,43.0,23.0,15.0,31.0,23.0,15.0,33.0,40.0,24.0,37.0,177600.0,61200.0,4294792296.0,97700.0,4294940996.0,4294891496.0,-4096.0,-1024.0,-4096.0,-1024.0,0.0,0.0,0.0,-2048.0,0.0,0.0,0.0,1.0,0.0,0.0,0.0,0.0,0.0,135563.0,0.0
1536.0,272384.0,18276.0,215040.0,1536.0,331776.0,2560.0,18244.0,0.0,0.0,18532.0,217088.0,1312.0,18276.0,0.0,0.0,18500.0,272384.0,-1024.0,272384.0,-1024.0,19364.0,272384.0,34816.0,272384.0,-1024.0,18788.0,274432.0,91136.0,274432.0,0.0,18564.0,272384.0,0.0,272384.0,-1024.0,18500.0,17892.0,272384.0,0.0,270336.0,9216.0,17988.0,240.0,0.0,270336.0,8704.0,17988.0,240.0,0.0,270336.0,8192.0,17956.0,241.0,0.0,270336.0,8192.0,17956.0,240.0,0.0,268288.0,14336.0,17956.0,241.0,0.0,268288.0,14848.0,17956.0,240.0,0.0,268288.0,15872.0,17988.0,241.0,0.0,268288.0,15360.0,17988.0,241.0,0.0,1166.0,230565.0,1837766.0,20431537.0,25789.0,83192.0,0.0,22324.0,693704.0,2848.0,32174.0,1562352499.0,1562127258.0,291.0,17491.0,49739.0,19157278.0,42.0,1.0,0.0,1.0,1.0,0.0,1.0,0.0,0.0,18308.0,26.0,0.0,42.0,1.0,0.0,1.0,1.0,0.0,1.0,0.0,0.0,18756.0,26.0,0.0,0.0,17.0,-5701632.0,524288.0,5111808.0,-3407872.0,327680.0,-196608.0,720896.0,0.0,0.0,0.0,2490368.0,4293787648.0,5373952.0,52.0,40.0,4.0,18.0,40.0,4.0,17.0,49.0,40.0,6.0,195900.0,92900.0,164800.0,82400.0,12400.0,4294938896.0,-4096.0,-1024.0,-4096.0,-1024.0,0.0,0.0,0.0,0.0,0.0,0.0,0.0,0.0,0.0,0.0,0.0,0.0,0.0,135563.0,0.0
1760.0,272384.0,18276.0,217088.0,1536.0,331776.0,2048.0,18276.0,0.0,0.0,18532.0,217088.0,1280.0,18276.0,0.0,0.0,18532.0,274432.0,-1024.0,274432.0,-1024.0,19332.0,274432.0,68608.0,274432.0,-1024.0,18724.0,274432.0,72704.0,274432.0,0.0,18596.0,274432.0,-1024.0,274432.0,-1024.0,18532.0,17892.0,274432.0,0.0,270336.0,10240.0,17988.0,240.0,0.0,270336.0,10240.0,17988.0,240.0,0.0,270336.0,9728.0,17956.0,241.0,0.0,270336.0,9728.0,17956.0,240.0,0.0,268288.0,15872.0,17956.0,241.0,0.0,268288.0,16384.0,17956.0,240.0,0.0,268288.0,17408.0,17956.0,241.0,0.0,268288.0,17408.0,17988.0,241.0,0.0,1166.0,230563.0,1837709.0,20430897.0,25789.0,83192.0,0.0,22324.0,693704.0,2848.0,32173.0,1562352491.0,1562127258.0,291.0,17491.0,49738.0,19157006.0,35.0,1.0,0.0,1.0,1.0,0.0,1.0,0.0,0.0,18308.0,26.0,0.0,35.0,1.0,0.0,1.0,1.0,0.0,1.0,0.0,0.0,18756.0,26.0,0.0,0.0,17.0,-5242880.0,-1703936.0,5898240.0,-2293760.0,327680.0,-65536.0,720896.0,0.0,0.0,0.0,2359296.0,4294574080.0,5505024.0,49.0,47.0,8.0,14.0,46.0,8.0,10.0,47.0,30.0,6.0,195500.0,81800.0,164700.0,82500.0,12800.0,4294927596.0,-4096.0,-1024.0,-4096.0,-1024.0,0.0,0.0,0.0,0.0,0.0,0.0,0.0,0.0,0.0,0.0,0.0,0.0,0.0,135563.0,0.0
2528.0,272384.0,18276.0,217088.0,1536.0,331776.0,2048.0,18276.0,0.0,0.0,18532.0,217088.0,1344.0,18244.0,0.0,0.0,18564.0,272384.0,0.0,272384.0,-1024.0,19268.0,274432.0,90112.0,274432.0,-1024.0,18724.0,274432.0,41984.0,274432.0,-1024.0,18596.0,272384.0,-1024.0,272384.0,-1024.0,18532.0,17892.0,272384.0,0.0,270336.0,9728.0,17988.0,240.0,0.0,270336.0,9216.0,17988.0,240.0,0.0,270336.0,8704.0,17956.0,241.0,0.0,270336.0,8704.0,17956.0,240.0,0.0,268288.0,14848.0,17956.0,241.0,0.0,268288.0,15360.0,17956.0,240.0,0.0,268288.0,16384.0,17956.0,241.0,0.0,268288.0,15872.0,17988.0,241.0,0.0,1166.0,230560.0,1837654.0,20430255.0,25788.0,83192.0,0.0,22324.0,693704.0,2848.0,32172.0,1562352485.0,1562127258.0,291.0,17491.0,49737.0,19156734.0,28.0,1.0,0.0,1.0,1.0,0.0,1.0,0.0,0.0,18308.0,26.0,0.0,28.0,1.0,0.0,1.0,1.0,0.0,1.0,0.0,0.0,18756.0,26.0,0.0,0.0,17.0,-4194304.0,-3670016.0,6225920.0,-983040.0,327680.0,0.0,720896.0,0.0,0.0,0.0,2752512.0,262144.0,5505024.0,39.0,48.0,18.0,21.0,47.0,21.0,10.0,37.0,32.0,4.0,194900.0,71600.0,167700.0,82500.0,8800.0,4294916396.0,-4096.0,-1024.0,-4096.0,-1024.0,0.0,0.0,0.0,0.0,0.0,0.0,0.0,0.0,0.0,0.0,0.0,0.0,0.0,135563.0,0.0
2624.0,258048.0,18052.0,215040.0,1536.0,331776.0,4608.0,18084.0,0.0,0.0,18372.0,217088.0,1312.0,18084.0,0.0,0.0,16964.0,260096.0,0.0,260096.0,0.0,16932.0,260096.0,0.0,260096.0,0.0,16868.0,260096.0,0.0,260096.0,0.0,17028.0,260096.0,0.0,260096.0,0.0,17156.0,17412.0,260096.0,0.0,260096.0,-1024.0,17924.0,240.0,2.0,262144.0,-1024.0,17924.0,240.0,2.0,260096.0,-1024.0,17892.0,241.0,2.0,260096.0,-1024.0,17892.0,240.0,2.0,262144.0,-3072.0,17892.0,241.0,2.0,262144.0,-2560.0,17924.0,240.0,2.0,262144.0,-3072.0,17892.0,240.0,2.0,262144.0,-2560.0,17924.0,241.0,2.0,961.0,173893.0,1407907.0,15654129.0,19966.0,85180.0,0.0,20620.0,697096.0,2189.0,24646.0,1562299802.0,1562127258.0,211.0,12965.0,39781.0,14993087.0,86.0,1.0,0.0,1.0,1.0,0.0,1.0,0.0,0.0,17988.0,26.0,0.0,86.0,1.0,0.0,1.0,1.0,0.0,1.0,0.0,0.0,18052.0,26.0,0.0,1.0,17.0,5767168.0,4718592.0,-3604480.0,983040.0,-65536.0,196608.0,786432.0,0.0,0.0,0.0,4294443008.0,1703936.0,5767168.0,31.0,32.0,24.0,20.0,31.0,28.0,19.0,24.0,22.0,14.0,176900.0,74300.0,192400.0,83700.0,9000.0,4294907796.0,-4096.0,-1024.0,-4096.0,-1024.0,-69632.0,-3072.0,0.0,0.0,0.0,0.0,0.0,0.0,0.0,0.0,0.0,0.0,0.0,135563.0,0.0
2208.0,327680.0,17988.0,217088.0,1536.0,331776.0,4608.0,17924.0,0.0,0.0,18372.0,217088.0,1280.0,17924.0,0.0,0.0,18500.0,327680.0,3072.0,327680.0,-1024.0,19012.0,327680.0,-1024.0,327680.0,-1024.0,19044.0,327680.0,14336.0,327680.0,-1024.0,18596.0,327680.0,-1024.0,327680.0,-1024.0,18628.0,17284.0,327680.0,0.0,262144.0,0.0,17892.0,160.0,0.0,262144.0,-512.0,17892.0,160.0,0.0,262144.0,-512.0,17892.0,161.0,0.0,262144.0,-512.0,17860.0,160.0,0.0,262144.0,0.0,17860.0,161.0,0.0,262144.0,-512.0,17860.0,160.0,0.0,262144.0,0.0,17892.0,160.0,0.0,262144.0,-512.0,17892.0,161.0,0.0,935.0,167781.0,1354303.0,15057949.0,19255.0,85432.0,0.0,20404.0,697512.0,2111.0,23708.0,1562293236.0,1562127258.0,199.0,11945.0,38546.0,14474906.0,0.0,1.0,0.0,1.0,1.0,0.0,1.0,0.0,0.0,18276.0,26.0,0.0,0.0,1.0,0.0,1.0,1.0,0.0,1.0,0.0,0.0,18724.0,26.0,0.0,1.0,17.0,458752.0,6553600.0,-1966080.0,-4849664.0,-196608.0,-196608.0,786432.0,0.0,0.0,0.0,4293525504.0,4293525504.0,5898240.0,48.0,18.0,8.0,38.0,19.0,7.0,39.0,48.0,43.0,6.0,192800.0,117500.0,198500.0,83600.0,4294951196.0,4294958496.0,-4096.0,-1024.0,-4096.0,-1024.0,-69632.0,-3072.0,0.0,0.0,0.0,0.0,0.0,0.0,0.0,0.0,0.0,0.0,0.0,135563.0,0.0
2208.0,329728.0,17668.0,217088.0,1536.0,331776.0,4608.0,17636.0,0.0,0.0,17892.0,217088.0,1312.0,17668.0,0.0,0.0,18596.0,329728.0,15360.0,331776.0,-1024.0,18468.0,329728.0,-1024.0,329728.0,-1024.0,18660.0,329728.0,-1024.0,329728.0,-1024.0,18340.0,329728.0,0.0,329728.0,-1024.0,18244.0,17508.0,329728.0,1024.0,262144.0,0.0,17508.0,160.0,0.0,262144.0,-512.0,17508.0,160.0,0.0,262144.0,-512.0,17508.0,161.0,0.0,262144.0,-512.0,17508.0,160.0,0.0,262144.0,0.0,17476.0,161.0,0.0,262144.0,0.0,17508.0,160.0,0.0,262144.0,0.0,17508.0,160.0,0.0,262144.0,-512.0,17508.0,161.0,0.0,926.0,165570.0,1336648.0,14859652.0,19015.0,85544.0,0.0,20320.0,697664.0,2084.0,23396.0,1562291052.0,1562127258.0,180.0,10510.0,38124.0,14302248.0,156.0,1.0,0.0,1.0,1.0,0.0,1.0,0.0,0.0,17604.0,26.0,0.0,156.0,1.0,0.0,1.0,1.0,0.0,1.0,0.0,0.0,17828.0,26.0,0.0,1.0,17.0,720896.0,6946816.0,-4587520.0,-262144.0,-131072.0,131072.0,983040.0,0.0,0.0,0.0,4294180864.0,1179648.0,7077888.0,23.0,10.0,35.0,47.0,12.0,31.0,46.0,21.0,26.0,16.0,177300.0,84200.0,4294784396.0,54500.0,4294932296.0,4294918996.0,-4096.0,-1024.0,0.0,-1024.0,-69632.0,-3072.0,0.0,0.0,0.0,0.0,0.0,1.0,0.0,0.0,0.0,0.0,0.0,135563.0,0.0
2208.0,329728.0,17636.0,217088.0,1536.0,331776.0,4608.0,17636.0,0.0,0.0,17892.0,217088.0,1280.0,17668.0,0.0,0.0,18564.0,329728.0,15360.0,329728.0,-1024.0,18500.0,329728.0,-1024.0,329728.0,-1024.0,18692.0,329728.0,-1024.0,329728.0,-1024.0,18372.0,329728.0,-1024.0,329728.0,-1024.0,18212.0,17508.0,329728.0,1024.0,262144.0,0.0,17508.0,160.0,0.0,262144.0,-512.0,17508.0,160.0,0.0,262144.0,-512.0,17508.0,161.0,0.0,262144.0,-512.0,17508.0,160.0,0.0,262144.0,0.0,17476.0,161.0,0.0,262144.0,0.0,17508.0,160.0,0.0,262144.0,0.0,17508.0,160.0,0.0,262144.0,-512.0,17540.0,161.0,0.0,926.0,165565.0,1336600.0,14859006.0,19014.0,85544.0,0.0,20320.0,697664.0,2084.0,23395.0,1562291045.0,1562127258.0,180.0,10510.0,38123.0,14301976.0,149.0,1.0,0.0,1.0,1.0,0.0,1.0,0.0,0.0,17604.0,26.0,0.0,149.0,1.0,0.0,1.0,1.0,0.0,1.0,0.0,0.0,17828.0,26.0,0.0,1.0,17.0,-1769472.0,6422528.0,-4718592.0,-1835008.0,-196608.0,65536.0,917504.0,0.0,0.0,0.0,4293787648.0,786432.0,6946816.0,28.0,10.0,30.0,46.0,12.0,28.0,46.0,26.0,25.0,19.0,177300.0,89200.0,4294784396.0,52900.0,4294932496.0,4294923796.0,-4096.0,-1024.0,-4096.0,-1024.0,-69632.0,-3072.0,0.0,0.0,0.0,0.0,0.0,1.0,0.0,0.0,0.0,0.0,0.0,135563.0,0.0
2176.0,331776.0,17604.0,217088.0,1536.0,331776.0,4608.0,17572.0,0.0,0.0,17828.0,217088.0,1280.0,17572.0,0.0,0.0,18500.0,331776.0,-1024.0,331776.0,-1024.0,18500.0,331776.0,15360.0,331776.0,-1024.0,18468.0,331776.0,-1024.0,331776.0,-1024.0,18500.0,331776.0,-1024.0,331776.0,-1024.0,18020.0,17444.0,331776.0,1024.0,262144.0,0.0,17508.0,160.0,0.0,262144.0,-512.0,17508.0,160.0,0.0,262144.0,-512.0,17508.0,161.0,0.0,262144.0,-512.0,17476.0,160.0,0.0,262144.0,0.0,17476.0,161.0,0.0,262144.0,0.0,17508.0,160.0,0.0,262144.0,0.0,17508.0,160.0,0.0,262144.0,-512.0,17508.0,161.0,0.0,926.0,165509.0,1335950.0,14851321.0,19009.0,85544.0,0.0,20316.0,697664.0,2084.0,23383.0,1562290961.0,1562127258.0,180.0,10510.0,38107.0,14295112.0,65.0,1.0,0.0,1.0,1.0,0.0,1.0,0.0,0.0,17604.0,26.0,0.0,65.0,1.0,0.0,1.0,1.0,0.0,1.0,0.0,0.0,17828.0,26.0,0.0,1.0,17.0,6160384.0,2097152.0,-3014656.0,4325376.0,327680.0,0.0,851968.0,0.0,0.0,0.0,2752512.0,262144.0,6422528.0,15.0,16.0,42.0,42.0,16.0,41.0,42.0,14.0,29.0,13.0,186300.0,96500.0,167700.0,78300.0,21300.0,4294937096.0,-4096.0,-1024.0,-4096.0,-1024.0,-69632.0,-3072.0,0.0,0.0,0.0,0.0,0.0,1.0,0.0,0.0,0.0,0.0,0.0,135563.0,0.0
1312.0,333824.0,17636.0,215040.0,1536.0,331776.0,4608.0,17604.0,0.0,0.0,17828.0,217088.0,1280.0,17572.0,0.0,0.0,18532.0,333824.0,-1024.0,333824.0,-1024.0,18468.0,333824.0,15360.0,333824.0,-1024.0,18500.0,333824.0,-1024.0,333824.0,-1024.0,18500.0,333824.0,-1024.0,333824.0,-1024.0,18052.0,17412.0,333824.0,1024.0,262144.0,-512.0,17508.0,160.0,0.0,262144.0,-512.0,17508.0,160.0,0.0,262144.0,0.0,17508.0,161.0,0.0,262144.0,-512.0,17476.0,160.0,0.0,262144.0,0.0,17476.0,161.0,0.0,262144.0,0.0,17508.0,160.0,0.0,262144.0,0.0,17508.0,160.0,0.0,262144.0,-512.0,17508.0,161.0,0.0,926.0,165504.0,1335895.0,14850681.0,19008.0,85544.0,0.0,20316.0,697664.0,2084.0,23382.0,1562290955.0,1562127258.0,180.0,10510.0,38106.0,14294840.0,58.0,1.0,0.0,1.0,1.0,0.0,1.0,0.0,0.0,17604.0,26.0,0.0,58.0,1.0,0.0,1.0,1.0,0.0,1.0,0.0,0.0,17828.0,26.0,0.0,1.0,17.0,4390912.0,4128768.0,-4390912.0,3735552.0,327680.0,65536.0,851968.0,0.0,0.0,0.0,2752512.0,655360.0,6422528.0,21.0,14.0,36.0,43.0,14.0,35.0,44.0,20.0,25.0,9.0,187800.0,83400.0,168600.0,82100.0,20300.0,4294924796.0,-4096.0,-1024.0,-4096.0,-1024.0,-69632.0,-3072.0,0.0,0.0,0.0,0.0,0.0,1.0,0.0,0.0,0.0,0.0,0.0,135563.0,0.0
1312.0,331776.0,17604.0,217088.0,1536.0,331776.0,4608.0,17604.0,0.0,0.0,17860.0,217088.0,1216.0,17572.0,0.0,0.0,18532.0,333824.0,-1024.0,333824.0,-1024.0,18404.0,333824.0,11264.0,333824.0,-1024.0,18532.0,333824.0,-1024.0,333824.0,-1024.0,18500.0,333824.0,5120.0,333824.0,-1024.0,18052.0,17412.0,333824.0,1024.0,262144.0,-512.0,17508.0,160.0,0.0,262144.0,-512.0,17508.0,160.0,0.0,262144.0,-512.0,17476.0,161.0,0.0,262144.0,-512.0,17476.0,160.0,0.0,262144.0,0.0,17476.0,161.0,0.0,262144.0,-512.0,17508.0,160.0,0.0,262144.0,-512.0,17476.0,160.0,0.0,262144.0,-512.0,17508.0,161.0,0.0,926.0,165500.0,1335838.0,14850044.0,19008.0,85544.0,0.0,20316.0,697664.0,2084.0,23381.0,1562290947.0,1562127258.0,180.0,10510.0,38105.0,14294568.0,51.0,1.0,0.0,1.0,1.0,0.0,1.0,0.0,0.0,17604.0,26.0,0.0,51.0,1.0,0.0,1.0,1.0,0.0,1.0,0.0,0.0,17828.0,26.0,0.0,1.0,17.0,2097152.0,5373952.0,-5439488.0,2621440.0,262144.0,196608.0,851968.0,0.0,0.0,0.0,2228224.0,1441792.0,6553600.0,27.0,14.0,29.0,43.0,14.0,27.0,44.0,25.0,16.0,9.0,188500.0,71100.0,176200.0,85900.0,14100.0,4294911596.0,-4096.0,-1024.0,-4096.0,-1024.0,-69632.0,-3072.0,0.0,0.0,0.0,0.0,0.0,1.0,0.0,0.0,0.0,0.0,0.0,135563.0,0.0
2240.0,327680.0,18052.0,217088.0,1536.0,331776.0,5120.0,18052.0,0.0,0.0,18020.0,217088.0,1312.0,18084.0,0.0,0.0,17380.0,329728.0,15360.0,329728.0,0.0,17700.0,327680.0,-1024.0,327680.0,0.0,18052.0,327680.0,0.0,327680.0,-1024.0,17060.0,327680.0,0.0,329728.0,0.0,18116.0,18532.0,327680.0,1024.0,262144.0,0.0,17476.0,160.0,0.0,264192.0,0.0,17476.0,160.0,0.0,262144.0,-512.0,17476.0,161.0,0.0,262144.0,0.0,17476.0,160.0,0.0,264192.0,0.0,17476.0,161.0,0.0,264192.0,-512.0,17476.0,160.0,0.0,264192.0,-512.0,17476.0,160.0,0.0,264192.0,0.0,17508.0,161.0,0.0,902.0,158467.0,1284816.0,14283659.0,18280.0,85796.0,0.0,20112.0,698080.0,1999.0,22488.0,1562284696.0,1562127258.0,175.0,10239.0,36924.0,13800541.0,100.0,1.0,0.0,1.0,1.0,0.0,1.0,0.0,0.0,17604.0,26.0,0.0,100.0,1.0,0.0,1.0,1.0,0.0,1.0,0.0,1.0,17668.0,26.0,0.0,1.0,17.0,3342336.0,5373952.0,-2883584.0,4587520.0,65536.0,-327680.0,786432.0,0.0,0.0,0.0,917504.0,4292608000.0,5636096.0,27.0,22.0,29.0,33.0,23.0,28.0,34.0,26.0,30.0,36.0,177400.0,101600.0,4294764396.0,41400.0,4294957596.0,4294932996.0,-4096.0,-1024.0,0.0,-1024.0,-69632.0,-3072.0,0.0,0.0,0.0,0.0,0.0,1.0,0.0,0.0,0.0,0.0,0.0,135563.0,0.0
1248.0,344064.0,17892.0,217088.0,1536.0,331776.0,4608.0,17892.0,0.0,0.0,17860.0,217088.0,1216.0,17892.0,0.0,0.0,17188.0,346112.0,0.0,346112.0,0.0,17572.0,346112.0,2048.0,346112.0,0.0,17316.0,346112.0,18432.0,346112.0,0.0,17220.0,346112.0,-1024.0,346112.0,0.0,17796.0,18468.0,346112.0,-3072.0,262144.0,-512.0,17476.0,160.0,0.0,264192.0,-512.0,17476.0,160.0,0.0,262144.0,0.0,17476.0,161.0,0.0,264192.0,-512.0,17476.0,160.0,0.0,264192.0,-512.0,17476.0,161.0,0.0,264192.0,-512.0,17476.0,160.0,0.0,264192.0,-512.0,17476.0,160.0,0.0,264192.0,-512.0,17508.0,161.0,0.0,901.0,158310.0,1283204.0,14264451.0,18261.0,85744.0,0.0,20088.0,698096.0,1996.0,22458.0,1562284486.0,1562127258.0,175.0,10239.0,36884.0,13783381.0,70.0,1.0,0.0,1.0,1.0,0.0,1.0,0.0,0.0,17636.0,26.0,0.0,70.0,1.0,0.0,1.0,1.0,0.0,1.0,0.0,0.0,17508.0,26.0,0.0,1.0,17.0,2818048.0,-6160384.0,4653056.0,1638400.0,262144.0,65536.0,786432.0,0.0,0.0,0.0,2228224.0,917504.0,5636096.0,49.0,47.0,8.0,15.0,45.0,8.0,10.0,46.0,31.0,29.0,177400.0,102500.0,185500.0,51600.0,17300.0,4294936496.0,-4096.0,-1024.0,-4096.0,-1024.0,-69632.0,-3072.0,0.0,0.0,0.0,0.0,0.0,1.0,0.0,0.0,0.0,0.0,0.0,135563.0,0.0
2208.0,344064.0,17892.0,217088.0,1536.0,331776.0,4608.0,17860.0,0.0,0.0,17860.0,217088.0,1248.0,17892.0,0.0,0.0,17220.0,344064.0,0.0,344064.0,0.0,17540.0,344064.0,10240.0,344064.0,0.0,17252.0,344064.0,9216.0,344064.0,0.0,17252.0,344064.0,0.0,344064.0,0.0,17828.0,18468.0,344064.0,-3072.0,262144.0,-512.0,17476.0,160.0,0.0,264192.0,0.0,17476.0,160.0,0.0,262144.0,0.0,17476.0,161.0,0.0,264192.0,0.0,17476.0,160.0,0.0,264192.0,-512.0,17476.0,161.0,0.0,264192.0,0.0,17476.0,160.0,0.0,264192.0,-512.0,17476.0,160.0,0.0,264192.0,-512.0,17508.0,161.0,0.0,901.0,158304.0,1283147.0,14263814.0,18259.0,85824.0,0.0,20088.0,698096.0,1996.0,22457.0,1562284479.0,1562127258.0,175.0,10239.0,36883.0,13783109.0,63.0,1.0,0.0,1.0,1.0,0.0,1.0,0.0,0.0,17636.0,26.0,0.0,63.0,1.0,0.0,1.0,1.0,0.0,1.0,0.0,0.0,17508.0,26.0,0.0,1.0,17.0,4784128.0,-5439488.0,3211264.0,2686976.0,262144.0,131072.0,851968.0,0.0,0.0,0.0,1966080.0,1310720.0,6160384.0,24.0,18.0,17.0,42.0,50.0,15.0,10.0,43.0,30.0,29.0,177200.0,95900.0,178700.0,57600.0,22600.0,4294930796.0,-4096.0,-1024.0,-4096.0,-1024.0,-69632.0,-3072.0,0.0,0.0,0.0,0.0,0.0,1.0,0.0,0.0,0.0,0.0,0.0,135563.0,0.0
2528.0,342016.0,17764.0,215040.0,1536.0,331776.0,4608.0,17764.0,0.0,0.0,17732.0,217088.0,1312.0,17764.0,0.0,0.0,17284.0,342016.0,-1024.0,342016.0,0.0,17092.0,342016.0,15360.0,342016.0,0.0,16996.0,342016.0,4096.0,342016.0,0.0,17348.0,342016.0,-1024.0,342016.0,-1024.0,17604.0,18212.0,342016.0,-3072.0,262144.0,-512.0,17476.0,160.0,0.0,264192.0,-512.0,17476.0,160.0,0.0,262144.0,-512.0,17476.0,161.0,0.0,264192.0,-512.0,17476.0,160.0,0.0,264192.0,-512.0,17476.0,161.0,0.0,264192.0,0.0,17508.0,160.0,0.0,264192.0,0.0,17476.0,160.0,0.0,264192.0,-512.0,17508.0,161.0,0.0,900.0,158195.0,1281949.0,14249736.0,18227.0,85824.0,0.0,20084.0,698096.0,1996.0,22435.0,1562284326.0,1562127258.0,175.0,10239.0,36853.0,13769925.0,89.0,1.0,0.0,1.0,1.0,0.0,1.0,0.0,0.0,17540.0,26.0,0.0,89.0,1.0,0.0,1.0,1.0,0.0,1.0,0.0,0.0,17604.0,26.0,0.0,1.0,17.0,5242880.0,2162688.0,-6160384.0,589824.0,196608.0,131072.0,851968.0,0.0,0.0,0.0,1572864.0,1179648.0,6160384.0,37.0,43.0,20.0,15.0,43.0,21.0,13.0,34.0,31.0,25.0,176800.0,76000.0,4294765496.0,45400.0,4294964396.0,4294907596.0,-4096.0,-1024.0,0.0,-1024.0,-69632.0,-3072.0,0.0,0.0,0.0,0.0,0.0,1.0,0.0,0.0,0.0,0.0,0.0,135563.0,0.0
2528.0,342016.0,17764.0,215040.0,1536.0,331776.0,4608.0,17764.0,0.0,0.0,17732.0,217088.0,1312.0,17764.0,0.0,0.0,17284.0,342016.0,-1024.0,342016.0,0.0,17092.0,342016.0,15360.0,342016.0,0.0,16996.0,342016.0,4096.0,342016.0,0.0,17348.0,342016.0,-1024.0,342016.0,-1024.0,17604.0,18212.0,342016.0,-3072.0,262144.0,-512.0,17476.0,160.0,0.0,264192.0,-512.0,17476.0,160.0,0.0,262144.0,-512.0,17476.0,161.0,0.0,264192.0,-512.0,17476.0,160.0,0.0,264192.0,-512.0,17476.0,161.0,0.0,264192.0,0.0,17508.0,160.0,0.0,264192.0,0.0,17476.0,160.0,0.0,264192.0,-512.0,17508.0,161.0,0.0,900.0,158195.0,1281949.0,14249736.0,18227.0,85824.0,0.0,20084.0,698096.0,1996.0,22435.0,1562284326.0,1562127258.0,175.0,10239.0,36853.0,13769925.0,89.0,1.0,0.0,1.0,1.0,0.0,1.0,0.0,0.0,17540.0,26.0,0.0,89.0,1.0,0.0,1.0,1.0,0.0,1.0,0.0,0.0,17604.0,26.0,0.0,1.0,17.0,5242880.0,2162688.0,-6160384.0,589824.0,196608.0,131072.0,851968.0,0.0,0.0,0.0,1572864.0,1179648.0,6160384.0,37.0,43.0,20.0,15.0,43.0,21.0,13.0,34.0,31.0,25.0,176800.0,76000.0,4294765496.0,45400.0,4294964396.0,4294907596.0,-4096.0,-1024.0,0.0,-1024.0,-69632.0,-3072.0,0.0,0.0,0.0,0.0,0.0,1.0,0.0,0.0,0.0,0.0,0.0,135563.0,0.0
2144.0,346112.0,17796.0,217088.0,1536.0,331776.0,4608.0,17732.0,0.0,0.0,17764.0,217088.0,1248.0,17764.0,0.0,0.0,17348.0,346112.0,-1024.0,346112.0,0.0,16996.0,346112.0,20480.0,346112.0,0.0,16996.0,346112.0,0.0,346112.0,0.0,17380.0,346112.0,0.0,346112.0,0.0,17604.0,18244.0,346112.0,-3072.0,262144.0,0.0,17476.0,160.0,0.0,264192.0,0.0,17476.0,160.0,0.0,262144.0,-512.0,17476.0,161.0,0.0,264192.0,-512.0,17476.0,160.0,0.0,264192.0,-512.0,17476.0,161.0,0.0,264192.0,0.0,17508.0,160.0,0.0,264192.0,0.0,17476.0,160.0,0.0,262144.0,0.0,17508.0,161.0,0.0,900.0,158191.0,1281895.0,14249095.0,18227.0,85824.0,0.0,20084.0,698096.0,1996.0,22434.0,1562284318.0,1562127258.0,175.0,10239.0,36852.0,13769653.0,82.0,1.0,0.0,1.0,1.0,0.0,1.0,0.0,0.0,17540.0,26.0,0.0,82.0,1.0,0.0,1.0,1.0,0.0,1.0,0.0,0.0,17604.0,26.0,0.0,1.0,17.0,3801088.0,3801088.0,-6356992.0,-1245184.0,131072.0,196608.0,851968.0,0.0,0.0,0.0,917504.0,1441792.0,6422528.0,29.0,48.0,27.0,8.0,47.0,28.0,9.0,27.0,30.0,25.0,176300.0,74800.0,4294767196.0,46900.0,4294963796.0,4294905396.0,-4096.0,-1024.0,-4096.0,-1024.0,-69632.0,-3072.0,0.0,0.0,0.0,0.0,0.0,1.0,0.0,0.0,0.0,0.0,0.0,135563.0,0.0
1248.0,348160.0,17796.0,217088.0,1536.0,331776.0,4608.0,17732.0,0.0,0.0,17764.0,217088.0,1280.0,17764.0,0.0,0.0,17348.0,348160.0,0.0,348160.0,0.0,16900.0,348160.0,20480.0,348160.0,0.0,17028.0,348160.0,0.0,348160.0,0.0,17348.0,348160.0,0.0,348160.0,0.0,17604.0,18276.0,348160.0,-4096.0,262144.0,-512.0,17476.0,160.0,0.0,264192.0,-512.0,17476.0,160.0,0.0,262144.0,-512.0,17476.0,161.0,0.0,264192.0,0.0,17476.0,160.0,0.0,264192.0,-512.0,17476.0,161.0,0.0,264192.0,-512.0,17508.0,160.0,0.0,264192.0,0.0,17476.0,160.0,0.0,264192.0,0.0,17508.0,161.0,0.0,900.0,158187.0,1281836.0,14248459.0,18226.0,85824.0,0.0,20080.0,698096.0,1996.0,22433.0,1562284311.0,1562127258.0,175.0,10239.0,36851.0,13769381.0,75.0,1.0,0.0,1.0,1.0,0.0,1.0,0.0,0.0,17540.0,26.0,0.0,75.0,1.0,0.0,1.0,1.0,0.0,1.0,0.0,0.0,17604.0,26.0,0.0,1.0,17.0,1966080.0,4784128.0,-5898240.0,-2949120.0,65536.0,196608.0,851968.0,0.0,0.0,0.0,655360.0,1572864.0,6553600.0,21.0,50.0,35.0,4.0,39.0,36.0,5.0,20.0,29.0,26.0,177100.0,70700.0,4294768996.0,48900.0,4294962296.0,4294902296.0,-4096.0,-1024.0,0.0,-1024.0,-69632.0,-3072.0,0.0,-2048.0,0.0,0.0,0.0,1.0,0.0,0.0,0.0,0.0,0.0,135563.0,0.0
1248.0,348160.0,17796.0,217088.0,1536.0,331776.0,4608.0,17732.0,0.0,0.0,17764.0,217088.0,1280.0,17764.0,0.0,0.0,17348.0,348160.0,0.0,348160.0,0.0,16900.0,348160.0,20480.0,348160.0,0.0,17028.0,348160.0,0.0,348160.0,0.0,17348.0,348160.0,0.0,348160.0,0.0,17604.0,18276.0,348160.0,-4096.0,262144.0,-512.0,17476.0,160.0,0.0,264192.0,-512.0,17476.0,160.0,0.0,262144.0,-512.0,17476.0,161.0,0.0,264192.0,0.0,17476.0,160.0,0.0,264192.0,-512.0,17476.0,161.0,0.0,264192.0,-512.0,17508.0,160.0,0.0,264192.0,0.0,17476.0,160.0,0.0,264192.0,0.0,17508.0,161.0,0.0,900.0,158187.0,1281836.0,14248459.0,18226.0,85824.0,0.0,20080.0,698096.0,1996.0,22433.0,1562284311.0,1562127258.0,175.0,10239.0,36851.0,13769381.0,75.0,1.0,0.0,1.0,1.0,0.0,1.0,0.0,0.0,17540.0,26.0,0.0,75.0,1.0,0.0,1.0,1.0,0.0,1.0,0.0,0.0,17604.0,26.0,0.0,1.0,17.0,1966080.0,4784128.0,-5898240.0,-2949120.0,65536.0,196608.0,851968.0,0.0,0.0,0.0,655360.0,1572864.0,6553600.0,21.0,50.0,35.0,4.0,39.0,36.0,5.0,20.0,29.0,26.0,177100.0,70700.0,4294768996.0,48900.0,4294962296.0,4294902296.0,-4096.0,-1024.0,0.0,-1024.0,-69632.0,-3072.0,0.0,-2048.0,0.0,0.0,0.0,1.0,0.0,0.0,0.0,0.0,0.0,135563.0,0.0
1280.0,348160.0,17796.0,217088.0,1536.0,331776.0,4608.0,17732.0,0.0,0.0,17732.0,217088.0,1280.0,17764.0,0.0,0.0,17348.0,348160.0,0.0,348160.0,0.0,16836.0,348160.0,16384.0,348160.0,0.0,17028.0,348160.0,0.0,348160.0,0.0,17348.0,348160.0,5120.0,348160.0,0.0,17636.0,18276.0,348160.0,-4096.0,262144.0,-512.0,17476.0,160.0,0.0,264192.0,-512.0,17476.0,160.0,0.0,262144.0,-512.0,17476.0,161.0,0.0,264192.0,-512.0,17476.0,160.0,0.0,264192.0,0.0,17508.0,161.0,0.0,264192.0,-512.0,17508.0,160.0,0.0,264192.0,-512.0,17476.0,160.0,0.0,264192.0,0.0,17508.0,161.0,0.0,900.0,158177.0,1281785.0,14247821.0,18226.0,85824.0,0.0,20080.0,698096.0,1996.0,22432.0,1562284304.0,1562127258.0,175.0,10239.0,36850.0,13769109.0,68.0,1.0,0.0,1.0,1.0,0.0,1.0,0.0,0.0,17540.0,26.0,0.0,68.0,1.0,0.0,1.0,1.0,0.0,1.0,0.0,0.0,17604.0,26.0,0.0,1.0,17.0,-65536.0,5177344.0,-4915200.0,-4456448.0,-65536.0,196608.0,917504.0,0.0,0.0,0.0,4294705152.0,1703936.0,6684672.0,12.0,49.0,44.0,7.0,51.0,46.0,7.0,10.0,29.0,26.0,177400.0,66200.0,4294772596.0,53000.0,4294957896.0,4294897196.0,-4096.0,-1024.0,0.0,-1024.0,-69632.0,-3072.0,0.0,-2048.0,0.0,0.0,0.0,1.0,0.0,0.0,0.0,0.0,0.0,135563.0,0.0
1792.0,344064.0,17124.0,215040.0,1536.0,331776.0,4608.0,17124.0,0.0,0.0,17444.0,217088.0,1280.0,17124.0,0.0,0.0,17220.0,346112.0,16384.0,346112.0,0.0,16548.0,344064.0,-1024.0,344064.0,0.0,16708.0,346112.0,0.0,346112.0,0.0,16964.0,346112.0,0.0,346112.0,0.0,16964.0,16580.0,346112.0,-1024.0,262144.0,-512.0,17700.0,160.0,0.0,262144.0,-512.0,17732.0,160.0,0.0,262144.0,-512.0,17732.0,161.0,0.0,262144.0,-512.0,17732.0,160.0,0.0,262144.0,0.0,17732.0,161.0,0.0,262144.0,-512.0,17764.0,160.0,0.0,262144.0,0.0,17732.0,160.0,0.0,262144.0,0.0,17764.0,161.0,0.0,852.0,146384.0,1182972.0,13122148.0,16875.0,86272.0,0.0,19700.0,698888.0,1842.0,20664.0,1562271928.0,1562127258.0,175.0,10239.0,34532.0,12793213.0,112.0,1.0,0.0,1.0,1.0,0.0,1.0,0.0,0.0,17604.0,26.0,0.0,112.0,1.0,0.0,1.0,1.0,0.0,1.0,0.0,1.0,17636.0,26.0,0.0,1.0,17.0,-6160384.0,-4456448.0,3342336.0,1245184.0,-196608.0,-131072.0,983040.0,0.0,0.0,0.0,4293656576.0,4294180864.0,7471104.0,25.0,8.0,32.0,47.0,10.0,30.0,47.0,23.0,32.0,50.0,176800.0,131200.0,4294785396.0,59400.0,4294952596.0,4294958596.0,-4096.0,-1024.0,-4096.0,-1024.0,-69632.0,-3072.0,0.0,0.0,0.0,0.0,0.0,1.0,0.0,0.0,0.0,0.0,0.0,135563.0,0.0
2112.0,346112.0,17092.0,215040.0,1536.0,331776.0,4608.0,17124.0,0.0,0.0,17476.0,217088.0,1344.0,17124.0,0.0,0.0,17060.0,348160.0,16384.0,348160.0,0.0,16580.0,348160.0,0.0,348160.0,0.0,16708.0,348160.0,0.0,348160.0,0.0,16996.0,348160.0,0.0,348160.0,0.0,16868.0,16612.0,348160.0,-1024.0,262144.0,0.0,17700.0,160.0,0.0,264192.0,-512.0,17732.0,160.0,0.0,262144.0,-512.0,17732.0,161.0,0.0,262144.0,-512.0,17732.0,160.0,0.0,262144.0,-512.0,17732.0,161.0,0.0,262144.0,-512.0,17764.0,160.0,0.0,262144.0,0.0,17732.0,160.0,0.0,262144.0,-512.0,17764.0,161.0,0.0,852.0,146375.0,1182869.0,13120861.0,16874.0,86244.0,0.0,19700.0,698888.0,1842.0,20662.0,1562271914.0,1562127258.0,175.0,10239.0,34530.0,12792669.0,98.0,1.0,0.0,1.0,1.0,0.0,1.0,0.0,0.0,17604.0,26.0,0.0,98.0,1.0,0.0,1.0,1.0,0.0,1.0,0.0,1.0,17636.0,26.0,0.0,1.0,17.0,-1114112.0,-6946816.0,720896.0,4521984.0,-65536.0,-262144.0,983040.0,0.0,0.0,0.0,4294443008.0,4293263360.0,7471104.0,34.0,5.0,22.0,51.0,5.0,22.0,51.0,34.0,36.0,48.0,176700.0,117700.0,4294770996.0,48100.0,4294965696.0,4294947096.0,-4096.0,-1024.0,-4096.0,-1024.0,-69632.0,-3072.0,0.0,-2048.0,0.0,0.0,0.0,1.0,0.0,0.0,0.0,0.0,0.0,135563.0,0.0
2080.0,354304.0,17092.0,215040.0,2048.0,331776.0,4608.0,17124.0,0.0,0.0,17412.0,217088.0,1312.0,17124.0,0.0,0.0,16900.0,354304.0,1024.0,354304.0,0.0,16612.0,354304.0,0.0,354304.0,0.0,16580.0,356352.0,17408.0,354304.0,0.0,17028.0,354304.0,0.0,354304.0,0.0,16804.0,16612.0,354304.0,-2048.0,262144.0,0.0,17732.0,160.0,0.0,264192.0,0.0,17732.0,160.0,0.0,262144.0,-512.0,17732.0,161.0,0.0,264192.0,0.0,17732.0,160.0,0.0,262144.0,-512.0,17764.0,161.0,0.0,264192.0,-512.0,17764.0,160.0,0.0,262144.0,-512.0,17732.0,160.0,0.0,262144.0,-512.0,17764.0,161.0,0.0,852.0,146358.0,1182704.0,13118946.0,16868.0,86244.0,0.0,19696.0,698888.0,1841.0,20659.0,1562271893.0,1562127258.0,175.0,10239.0,34525.0,12790053.0,77.0,1.0,0.0,1.0,1.0,0.0,1.0,0.0,0.0,17604.0,26.0,0.0,77.0,1.0,0.0,1.0,1.0,0.0,1.0,0.0,1.0,17636.0,26.0,0.0,1.0,17.0,6029312.0,-1638400.0,-3997696.0,3801088.0,65536.0,-327680.0,983040.0,0.0,0.0,0.0,655360.0,4292608000.0,7340032.0,48.0,15.0,8.0,43.0,15.0,6.0,43.0,48.0,48.0,41.0,177000.0,101800.0,4294779996.0,42400.0,4294957496.0,4294930996.0,-4096.0,-1024.0,-4096.0,-1024.0,-69632.0,-3072.0,0.0,0.0,0.0,0.0,0.0,1.0,0.0,0.0,0.0,0.0,0.0,135563.0,0.0
1216.0,356352.0,17092.0,215040.0,1536.0,331776.0,4608.0,17092.0,0.0,0.0,17444.0,217088.0,1280.0,17124.0,0.0,0.0,16868.0,358400.0,-1024.0,358400.0,0.0,16612.0,356352.0,0.0,356352.0,0.0,16516.0,358400.0,17408.0,358400.0,0.0,17060.0,356352.0,0.0,358400.0,0.0,16804.0,16644.0,358400.0,-2048.0,262144.0,0.0,17732.0,160.0,0.0,264192.0,-512.0,17732.0,160.0,0.0,262144.0,-512.0,17732.0,161.0,0.0,264192.0,0.0,17732.0,160.0,0.0,262144.0,-512.0,17764.0,161.0,0.0,264192.0,0.0,17764.0,160.0,0.0,262144.0,-512.0,17732.0,160.0,0.0,262144.0,-512.0,17764.0,161.0,0.0,852.0,146341.0,1182648.0,13118320.0,16867.0,86220.0,0.0,19688.0,698904.0,1841.0,20658.0,1562271887.0,1562127258.0,175.0,10239.0,34524.0,12789781.0,70.0,1.0,0.0,1.0,1.0,0.0,1.0,0.0,0.0,17604.0,26.0,0.0,70.0,1.0,0.0,1.0,1.0,0.0,1.0,0.0,1.0,17636.0,26.0,0.0,1.0,17.0,6488064.0,1572864.0,-4521984.0,2228224.0,131072.0,-327680.0,983040.0,0.0,0.0,0.0,917504.0,4292608000.0,7077888.0,50.0,22.0,5.0,34.0,22.0,5.0,21.0,50.0,49.0,33.0,176400.0,103800.0,4294784896.0,42600.0,4294951696.0,4294931496.0,-4096.0,-1024.0,-4096.0,-1024.0,-69632.0,-3072.0,0.0,0.0,0.0,0.0,0.0,1.0,0.0,0.0,0.0,0.0,0.0,135563.0,0.0
1216.0,358400.0,17092.0,215040.0,1536.0,331776.0,4608.0,17124.0,0.0,0.0,17412.0,217088.0,1280.0,17092.0,0.0,0.0,16900.0,358400.0,-1024.0,358400.0,0.0,16644.0,358400.0,0.0,358400.0,0.0,16420.0,358400.0,17408.0,358400.0,0.0,17060.0,358400.0,0.0,358400.0,0.0,16804.0,16580.0,358400.0,-2048.0,262144.0,-512.0,17732.0,160.0,0.0,264192.0,-512.0,17732.0,160.0,0.0,262144.0,-512.0,17732.0,161.0,0.0,264192.0,-512.0,17732.0,160.0,0.0,264192.0,-512.0,17764.0,161.0,0.0,264192.0,-512.0,17764.0,160.0,0.0,264192.0,0.0,17732.0,160.0,0.0,264192.0,-512.0,17764.0,161.0,0.0,852.0,146337.0,1182592.0,13117681.0,16865.0,86272.0,0.0,19688.0,698904.0,1841.0,20657.0,1562271879.0,1562127258.0,175.0,10239.0,34523.0,12789509.0,63.0,1.0,0.0,1.0,1.0,0.0,1.0,0.0,0.0,17604.0,26.0,0.0,63.0,1.0,0.0,1.0,1.0,0.0,1.0,0.0,1.0,17636.0,26.0,0.0,1.0,17.0,5701632.0,4653056.0,-3997696.0,458752.0,196608.0,-327680.0,983040.0,0.0,0.0,0.0,1572864.0,4292739072.0,7208960.0,51.0,33.0,17.0,23.0,38.0,7.0,17.0,46.0,48.0,23.0,177000.0,108400.0,4294788196.0,44200.0,4294947196.0,4294935496.0,-4096.0,-1024.0,-4096.0,-1024.0,-69632.0,-3072.0,0.0,0.0,0.0,0.0,0.0,1.0,0.0,0.0,0.0,0.0,0.0,135563.0,0.0
2080.0,358400.0,17092.0,215040.0,1536.0,331776.0,4608.0,17092.0,0.0,0.0,17476.0,217088.0,1312.0,17092.0,0.0,0.0,16900.0,358400.0,0.0,358400.0,0.0,16612.0,358400.0,-1024.0,358400.0,0.0,16356.0,360448.0,17408.0,360448.0,0.0,17092.0,358400.0,-1024.0,360448.0,0.0,16836.0,16548.0,358400.0,-2048.0,262144.0,-512.0,17732.0,160.0,0.0,264192.0,-512.0,17732.0,160.0,0.0,262144.0,-512.0,17732.0,161.0,0.0,264192.0,-512.0,17732.0,160.0,0.0,264192.0,-512.0,17764.0,161.0,0.0,264192.0,-512.0,17764.0,160.0,0.0,264192.0,-512.0,17732.0,160.0,0.0,264192.0,0.0,17764.0,161.0,0.0,851.0,146331.0,1182534.0,13117045.0,16865.0,86272.0,0.0,19688.0,698904.0,1841.0,20656.0,1562271872.0,1562127258.0,175.0,10239.0,34522.0,12789237.0,56.0,1.0,0.0,1.0,1.0,0.0,1.0,0.0,0.0,17604.0,26.0,0.0,56.0,1.0,0.0,1.0,1.0,0.0,1.0,0.0,1.0,17636.0,26.0,0.0,1.0,17.0,3670016.0,6881280.0,-2752512.0,-1179648.0,262144.0,-262144.0,917504.0,0.0,0.0,0.0,1966080.0,4293263360.0,6946816.0,38.0,50.0,18.0,23.0,49.0,26.0,9.0,38.0,50.0,17.0,177000.0,115400.0,4294791296.0,47100.0,4294945796.0,4294942496.0,-4096.0,-1024.0,-4096.0,-1024.0,-69632.0,-3072.0,0.0,0.0,0.0,0.0,0.0,1.0,0.0,0.0,0.0,0.0,0.0,135563.0,0.0
2752.0,258048.0,18468.0,217088.0,1536.0,331776.0,2048.0,18500.0,0.0,0.0,18820.0,217088.0,1312.0,18500.0,0.0,0.0,17892.0,260096.0,0.0,260096.0,0.0,18340.0,260096.0,0.0,260096.0,0.0,18020.0,260096.0,0.0,260096.0,0.0,17988.0,260096.0,0.0,260096.0,0.0,16996.0,17796.0,260096.0,0.0,260096.0,-1536.0,18244.0,240.0,2.0,260096.0,-1536.0,18244.0,240.0,2.0,260096.0,-1536.0,18244.0,241.0,2.0,260096.0,-1536.0,18212.0,240.0,2.0,260096.0,-2560.0,18212.0,241.0,2.0,260096.0,-2560.0,18212.0,240.0,2.0,260096.0,-2560.0,18244.0,240.0,2.0,260096.0,-2560.0,18244.0,241.0,2.0,611.0,84235.0,682733.0,7539573.0,10070.0,88780.0,0.0,17652.0,702920.0,1066.0,11876.0,1562210413.0,1562127258.0,54.0,3484.0,15593.0,6557542.0,156.0,1.0,0.0,1.0,1.0,0.0,1.0,0.0,0.0,18436.0,26.0,0.0,156.0,1.0,0.0,1.0,1.0,0.0,1.0,0.0,0.0,18532.0,26.0,0.0,3.0,17.0,-3211264.0,-5046272.0,2949120.0,-5177344.0,-65536.0,-393216.0,393216.0,0.0,0.0,0.0,4294574080.0,4292214784.0,2883584.0,47.0,20.0,13.0,30.0,18.0,12.0,25.0,42.0,47.0,26.0,186500.0,119100.0,204200.0,82800.0,4294953696.0,4294958896.0,-4096.0,-1024.0,-4096.0,-1024.0,0.0,0.0,0.0,0.0,0.0,0.0,0.0,0.0,0.0,0.0,0.0,0.0,0.0,135563.0,0.0
2336.0,311296.0,18756.0,217088.0,1536.0,331776.0,4608.0,18724.0,0.0,0.0,18916.0,217088.0,1312.0,18724.0,0.0,0.0,18628.0,311296.0,17408.0,311296.0,-1024.0,19428.0,311296.0,-1024.0,311296.0,-1024.0,18660.0,311296.0,0.0,311296.0,0.0,19076.0,311296.0,-1024.0,311296.0,-1024.0,17284.0,18532.0,311296.0,-1024.0,262144.0,-512.0,18212.0,160.0,0.0,262144.0,0.0,18212.0,160.0,0.0,262144.0,-512.0,18212.0,161.0,0.0,262144.0,-512.0,18180.0,160.0,0.0,262144.0,-512.0,18180.0,161.0,0.0,262144.0,0.0,18180.0,160.0,0.0,262144.0,-512.0,18212.0,160.0,0.0,262144.0,-512.0,18212.0,161.0,0.0,610.0,84043.0,680637.0,7514588.0,10034.0,88724.0,0.0,17732.0,702936.0,1062.0,11837.0,1562210139.0,1562127258.0,53.0,3434.0,15541.0,6536084.0,63.0,1.0,0.0,1.0,1.0,0.0,1.0,0.0,0.0,18404.0,26.0,0.0,63.0,1.0,0.0,1.0,1.0,0.0,1.0,0.0,0.0,18564.0,26.0,0.0,1.0,17.0,-3538944.0,-851968.0,1376256.0,-7471104.0,-262144.0,-65536.0,0.0,0.0,0.0,0.0,4293001216.0,4294443008.0,393216.0,28.0,5.0,30.0,51.0,9.0,29.0,51.0,24.0,21.0,26.0,196500.0,81100.0,4294774696.0,89400.0,4294929896.0,4294922996.0,-4096.0,-1024.0,-4096.0,-1024.0,-73728.0,-3072.0,0.0,0.0,0.0,0.0,0.0,0.0,0.0,0.0,0.0,0.0,0.0,135563.0,0.0
1344.0,329728.0,18756.0,217088.0,2048.0,331776.0,4608.0,18724.0,0.0,0.0,18948.0,217088.0,1312.0,18724.0,0.0,0.0,18596.0,329728.0,19456.0,329728.0,0.0,19460.0,329728.0,-1024.0,329728.0,-1024.0,18692.0,329728.0,0.0,329728.0,0.0,19108.0,329728.0,-1024.0,329728.0,-1024.0,17316.0,18564.0,329728.0,-2048.0,262144.0,0.0,18212.0,160.0,0.0,262144.0,-512.0,18212.0,160.0,0.0,262144.0,0.0,18212.0,161.0,0.0,262144.0,-512.0,18180.0,160.0,0.0,262144.0,-512.0,18180.0,161.0,0.0,262144.0,0.0,18180.0,160.0,0.0,262144.0,-512.0,18212.0,160.0,0.0,262144.0,-512.0,18212.0,161.0,0.0,610.0,84040.0,680569.0,7513958.0,10034.0,88724.0,0.0,17732.0,702936.0,1062.0,11836.0,1562210132.0,1562127258.0,53.0,3434.0,15540.0,6535812.0,56.0,1.0,0.0,1.0,1.0,0.0,1.0,0.0,0.0,18404.0,26.0,0.0,56.0,1.0,0.0,1.0,1.0,0.0,1.0,0.0,0.0,18564.0,26.0,0.0,1.0,17.0,-4194304.0,-983040.0,1048576.0,-7143424.0,-327680.0,-131072.0,-65536.0,0.0,0.0,0.0,4292608000.0,4294180864.0,4294705152.0,22.0,5.0,16.0,49.0,10.0,35.0,49.0,20.0,21.0,28.0,198400.0,80300.0,4294772996.0,91600.0,4294931896.0,4294923296.0,-4096.0,-1024.0,-4096.0,-1024.0,-73728.0,-3072.0,0.0,0.0,0.0,0.0,0.0,0.0,0.0,0.0,0.0,0.0,0.0,135563.0,0.0
1504.0,327680.0,17636.0,217088.0,1536.0,331776.0,2560.0,17604.0,0.0,0.0,17860.0,217088.0,1280.0,17604.0,0.0,0.0,18020.0,327680.0,0.0,329728.0,-1024.0,19044.0,327680.0,1024.0,327680.0,-1024.0,18212.0,327680.0,0.0,327680.0,0.0,18916.0,329728.0,11264.0,329728.0,-1024.0,17412.0,17188.0,327680.0,1024.0,262144.0,-512.0,17700.0,160.0,0.0,262144.0,-512.0,17700.0,160.0,0.0,262144.0,-512.0,17700.0,161.0,0.0,262144.0,-512.0,17700.0,160.0,0.0,262144.0,-512.0,17700.0,161.0,0.0,262144.0,-512.0,17732.0,160.0,0.0,262144.0,-512.0,17700.0,160.0,0.0,262144.0,-512.0,17732.0,161.0,0.0,577.0,71459.0,611377.0,6739155.0,9027.0,89088.0,0.0,17440.0,703496.0,930.0,10611.0,1562201557.0,1562127258.0,10.0,564.0,13923.0,5857704.0,121.0,1.0,0.0,1.0,1.0,0.0,1.0,0.0,0.0,17796.0,26.0,0.0,121.0,1.0,0.0,1.0,1.0,0.0,1.0,0.0,0.0,17508.0,26.0,0.0,0.0,17.0,5046272.0,-5439488.0,3538944.0,1572864.0,327680.0,131072.0,458752.0,0.0,0.0,0.0,2359296.0,1048576.0,3538944.0,44.0,12.0,14.0,46.0,11.0,14.0,47.0,41.0,15.0,17.0,186200.0,56400.0,177500.0,73600.0,6100.0,4294899896.0,-4096.0,-1024.0,-4096.0,-1024.0,0.0,0.0,0.0,0.0,0.0,0.0,0.0,0.0,0.0,0.0,0.0,0.0,0.0,135563.0,0.0
2432.0,327680.0,17636.0,215040.0,1536.0,331776.0,2048.0,17572.0,0.0,0.0,17860.0,217088.0,1280.0,17572.0,0.0,0.0,18052.0,329728.0,-1024.0,329728.0,0.0,19044.0,329728.0,1024.0,329728.0,-1024.0,18244.0,329728.0,0.0,329728.0,0.0,18916.0,329728.0,11264.0,329728.0,-1024.0,17444.0,17156.0,329728.0,1024.0,262144.0,0.0,17700.0,160.0,0.0,262144.0,-512.0,17700.0,160.0,0.0,262144.0,-512.0,17700.0,161.0,0.0,262144.0,-512.0,17700.0,160.0,0.0,262144.0,-512.0,17700.0,161.0,0.0,262144.0,-512.0,17732.0,160.0,0.0,262144.0,-512.0,17700.0,160.0,0.0,262144.0,-512.0,17732.0,161.0,0.0,577.0,71456.0,611320.0,6738514.0,9027.0,89088.0,0.0,17440.0,703496.0,930.0,10610.0,1562201550.0,1562127258.0,10.0,564.0,13922.0,5857432.0,114.0,1.0,0.0,1.0,1.0,0.0,1.0,0.0,0.0,17796.0,26.0,0.0,114.0,1.0,0.0,1.0,1.0,0.0,1.0,0.0,0.0,17508.0,26.0,0.0,0.0,17.0,5963776.0,-4849664.0,2293760.0,2359296.0,393216.0,131072.0,458752.0,0.0,0.0,0.0,2883584.0,1048576.0,3276800.0,40.0,9.0,18.0,48.0,9.0,17.0,49.0,38.0,16.0,18.0,185000.0,57700.0,177000.0,69500.0,7600.0,4294900796.0,-4096.0,-1024.0,-4096.0,-1024.0,0.0,0.0,0.0,0.0,0.0,0.0,0.0,0.0,0.0,0.0,0.0,0.0,0.0,135563.0,0.0
1664.0,348160.0,17604.0,217088.0,2048.0,331776.0,2560.0,17604.0,0.0,0.0,17636.0,217088.0,1280.0,17636.0,0.0,0.0,17540.0,348160.0,3072.0,348160.0,-1024.0,16868.0,348160.0,0.0,348160.0,0.0,16676.0,348160.0,14336.0,348160.0,0.0,16804.0,348160.0,0.0,348160.0,0.0,17604.0,17796.0,348160.0,-3072.0,262144.0,-512.0,17444.0,160.0,0.0,264192.0,-512.0,17444.0,160.0,0.0,262144.0,-512.0,17444.0,161.0,0.0,264192.0,-512.0,17444.0,160.0,0.0,264192.0,-512.0,17444.0,161.0,0.0,264192.0,-512.0,17476.0,160.0,0.0,264192.0,0.0,17444.0,160.0,0.0,264192.0,0.0,17476.0,161.0,0.0,528.0,59104.0,507014.0,5600046.0,7633.0,92000.0,0.0,14640.0,709200.0,759.0,8815.0,1562188985.0,1562127258.0,6.0,332.0,11565.0,4866792.0,149.0,1.0,0.0,1.0,1.0,0.0,1.0,0.0,0.0,17636.0,32.0,0.0,149.0,1.0,0.0,1.0,1.0,0.0,1.0,0.0,0.0,17572.0,32.0,0.0,0.0,17.0,5963776.0,4587520.0,-3604480.0,-393216.0,-262144.0,65536.0,131072.0,0.0,0.0,0.0,4293001216.0,524288.0,1441792.0,41.0,11.0,15.0,47.0,9.0,14.0,47.0,40.0,45.0,12.0,177100.0,76600.0,4294802196.0,76700.0,4294919996.0,4294907296.0,-4096.0,-1024.0,0.0,-1024.0,0.0,0.0,0.0,0.0,0.0,0.0,0.0,1.0,0.0,0.0,0.0,0.0,0.0,135563.0,0.0
