atmelPwr_curr;atmelPwr_volt;threeV_plTmp;threeV_plPwr_volt;threeV_plPwr_curr;fiveV_plPwr_volt;fiveV_plPwr_curr;daughter_aTmp;daughter_aPwr_volt;daughter_aPwr_curr;rf_ampTmp;threeV_pwr_volt;threeV_pwr_curr;daughter_bTmp;daughter_bPwr_volt;daughter_bPwr_curr;boardTempNx;solarC1PwrNx_volt;solarC1PwrNx_curr;solarC2PwrNx_volt;solarC2PwrNx_curr;boardTempPx;solarC1PwrPx_volt;solarC1PwrPx_curr;solarC2PwrPx_volt;solarC2PwrPx_curr;boardTempNy;solarC1PwrNy_volt;solarC1PwrNy_curr;solarC2PwrNy_volt;solarC2PwrNy_curr;boardTempPy;solarC1PwrPy_volt;solarC1PwrPy_curr;solarC2PwrPy_volt;solarC2PwrPy_curr;boardTempPz;boardTempNz;solarC1PwrNz_volt;solarC1PwrNz_curr;battery0_volt;battery0_curr;battery0_tmp;battery0_status;battery0_ctl_status;battery1_volt;battery1_curr;battery1_tmp;battery1_status;battery1_ctl_status;battery2_volt;battery2_curr;battery2_tmp;battery2_status;battery2_ctl_status;battery3_volt;battery3_curr;battery3_tmp;battery3_status;battery3_ctl_status;battery4_volt;battery4_curr;battery4_tmp;battery4_status;battery4_ctl_status;battery5_volt;battery5_curr;battery5_tmp;battery5_status;battery5_ctl_status;battery6_volt;battery6_curr;battery6_tmp;battery6_status;battery6_ctl_status;battery7_volt;battery7_curr;battery7_tmp;battery7_status;battery7_ctl_status;longDurationCounter;userTime;sysTime;idleTime;processes;memFree;buffers;cached;freeDataFlash;dataErasures;beaconCnt;time;boottime;rx_pkts;rx_bytes;tx_pkts;tx_bytes;cam0_last_contact;cam0_enabled;cam0_powered;cam0_heater_enabled;cam0_heater_powered;cam0_busy;cam0_overtemp_enabled;cam0_overtemp;cam0_heater_running;cam0_temp;cam0_pics_rem;cam0_failures;cam1_last_contact;cam1_enabled;cam1_powered;cam1_heater_enabled;cam1_heater_powered;cam1_busy;cam1_overtemp_enabled;cam1_overtemp;cam1_heater_running;cam1_temp;cam1_pics_rem;cam1_failures;mode;flags;q0;q1;q2;q3;rate_x;rate_y;rate_z;pib_gyro_x;pib_gyro_y;pib_gyro_z;mb_gyro_x;mb_gyro_y;mb_gyro_z;nx_sol_x;nx_sol_y;px_sol_x;px_sol_y;ny_sol_x;ny_sol_y;py_sol_x;py_sol_y;pz_sol_x;pz_sol_y;px_mag_x;px_mag_y;px_mag_z;py_mag_x;py_mag_y;py_mag_z;torq_x_reg_volt;torq_x_curr;torq_y_reg_volt;torq_y_curr;torq_z_reg_volt;torq_z_curr;motor_volt;motor_curr;nx_pan_depl;px_pan_depl;ny_pan_depl;py_pan_depl;deploy_armed;pic_on;pic_busy;pic_status;motor_pos;motor_limit;wheel_speed
2880;247808;18980;217088;1536;331776;2048;18980;0;0;19300;217088;1312;18948;0;0;17604;247808;0;247808;0;17604;247808;0;247808;0;17572;247808;0;247808;0;17412;247808;0;247808;0;16676;18436;247808;0;247808;-2048;17956;240;2;249856;-1536;17956;240;2;247808;-1536;17956;241;2;249856;-2048;17924;240;2;249856;-2048;17924;241;2;249856;-3072;17956;241;2;249856;-3072;17956;241;2;258048;-512;17988;197;2;1656;385127;2854669;31780754;39809;76192;0;28452;681408;4448;50080;1562477841;1562127258;1303;79547;15956;30451233;104;1;0;1;1;0;1;0;0;18564;26;0;104;1;0;1;1;0;1;0;0;18852;26;0;0;19;262144;-524288;-8192000;-2031616;0;-262144;-589824;0;0;0;131072;4293001216;4290641920;35;26;20;23;23;24;23;17;26;28;4294953496;33400;14800;24800;23500;10800;-4096;-1024;-4096;-1024;0;0;0;0;0;0;0;0;0;0;0;0;0;135563;0
2208;331776;18084;217088;1536;331776;2048;18052;0;0;18116;217088;1344;18052;0;0;18660;331776;-1024;331776;0;18532;331776;0;331776;0;18756;331776;0;331776;11264;18436;331776;-1024;331776;0;17732;18084;331776;-1024;251904;-512;17540;160;0;253952;-512;17540;160;0;251904;-512;17508;161;0;253952;-512;17508;160;0;251904;-512;17540;161;0;251904;-512;17540;161;0;251904;-512;17540;161;0;258048;-512;17540;197;0;1599;366521;2736071;30462847;38212;76836;0;27944;682368;4267;47999;1562463273;1562127258;747;50247;9315;28686579;117;1;0;1;1;0;1;0;0;17700;26;0;117;1;0;1;1;0;1;0;0;17732;26;0;0;19;7012352;393216;-3866624;2424832;-65536;-196608;-393216;0;0;0;4294836224;4293656576;4292476928;17;29;44;23;22;11;36;18;15;29;22100;33200;800;5000;4294963496;30600;-4096;-1024;-4096;-1024;0;0;0;0;0;0;0;0;0;0;0;0;0;135563;0
1312;333824;18052;217088;1536;331776;2048;18084;0;0;18116;217088;1248;18052;0;0;18660;335872;-1024;335872;6144;18564;335872;0;335872;0;18692;335872;0;335872;2048;18436;335872;-1024;335872;3072;17668;18084;335872;-1024;251904;0;17540;160;0;253952;-512;17508;160;0;251904;-512;17508;161;0;253952;-512;17508;160;0;251904;0;17508;161;0;251904;0;17540;161;0;251904;-512;17540;161;0;258048;-512;17540;197;0;1599;366518;2736013;30462209;38212;76836;0;27944;682368;4267;47998;1562463266;1562127258;747;50247;9314;28686307;110;1;0;1;1;0;1;0;0;17700;26;0;110;1;0;1;1;0;1;0;0;17732;26;0;0;19;7405568;-327680;-2686976;2752512;-65536;-131072;-393216;0;0;0;4294443008;4294049792;4292214784;15;23;41;34;35;11;40;34;17;23;27300;19900;4294955296;4294964696;4294948396;21000;-4096;-1024;0;-1024;0;0;0;0;0;0;0;0;0;0;0;0;0;135563;0
2304;333824;18052;217088;1536;331776;2048;18052;0;0;18116;217088;1248;18052;0;0;18628;335872;0;335872;11264;18596;335872;-1024;335872;0;18660;335872;0;335872;0;18468;335872;-1024;335872;0;17636;18052;335872;-1024;251904;-512;17540;160;0;253952;0;17508;160;0;251904;-512;17508;161;0;253952;-512;17508;160;0;251904;0;17508;161;0;251904;-512;17540;161;0;251904;-512;17540;161;0;258048;-512;17540;197;0;1599;366512;2735956;30461573;38211;76836;0;27944;682368;4267;47997;1562463260;1562127258;747;50247;9313;28686035;103;1;0;1;1;0;1;0;0;17700;26;0;103;1;0;1;1;0;1;0;0;17732;26;0;0;19;7602176;-1310720;-1507328;2883584;-65536;-65536;-393216;0;0;0;4294574080;4294443008;4292214784;19;17;34;38;42;20;47;36;19;21;28300;4294967196;4294953396;4294953796;4294943996;6100;-4096;-1024;0;-1024;0;0;0;0;0;0;0;0;0;0;0;0;0;135563;0
2176;333824;18052;217088;1536;331776;2048;18084;0;0;18180;217088;1280;18052;0;0;18532;333824;0;333824;11264;18628;333824;-1024;333824;0;18660;333824;0;333824;-1024;18468;333824;-1024;333824;0;17604;18084;333824;-1024;251904;-512;17508;160;0;253952;-512;17508;160;0;251904;-512;17508;161;0;253952;-512;17508;160;0;251904;0;17508;161;0;251904;-512;17540;161;0;251904;-512;17540;161;0;258048;-512;17540;197;0;1599;366509;2735902;30460930;38211;76836;0;27944;682368;4267;47996;1562463252;1562127258;747;50247;9312;28685763;96;1;0;1;1;0;1;0;0;17700;26;0;96;1;0;1;1;0;1;0;0;17732;26;0;0;19;7536640;-2293760;-524288;2752512;-65536;-65536;-327680;0;0;0;4294836224;4294836224;4292739072;28;11;25;38;42;28;43;25;26;18;22700;4294950796;4294961696;4294943296;4294952096;4294959196;-4096;-1024;0;-1024;0;0;0;0;0;0;0;0;0;0;0;0;0;135563;0
1376;325632;18052;217088;2560;331776;2048;18052;0;0;18084;217088;1248;18052;0;0;18500;327680;0;327680;5120;18628;325632;-1024;325632;-1024;18692;327680;5120;327680;-1024;18436;325632;2048;327680;0;17572;18084;325632;0;251904;-512;17508;160;0;253952;-512;17540;160;0;251904;-512;17508;161;0;253952;-512;17508;160;0;251904;-512;17508;161;0;251904;-512;17540;161;0;251904;-512;17540;161;0;258048;-512;17540;197;0;1599;366506;2735844;30460291;38210;76836;0;27944;682368;4267;47995;1562463245;1562127258;747;50247;9309;28683691;89;1;0;1;1;0;1;0;0;17700;26;0;89;1;0;1;1;0;1;0;0;17732;26;0;0;19;7208960;-3276800;-65536;2686976;0;0;-393216;0;0;0;0;131072;4292345856;40;16;22;36;37;36;33;21;30;19;14600;4294944196;9500;4294938996;1800;4294950896;-4096;-1024;-4096;-1024;0;0;0;0;0;0;0;0;0;0;0;0;0;135563;0
1728;337920;17924;217088;1536;331776;2048;17892;0;0;17924;217088;1280;17924;0;0;18180;337920;-1024;339968;-1024;18148;337920;0;337920;5120;18372;339968;0;339968;3072;18084;337920;-1024;339968;4096;17252;18052;337920;-2048;251904;-512;17508;160;0;253952;-512;17508;160;0;251904;-512;17508;161;0;253952;-512;17508;160;0;251904;0;17508;161;0;251904;-512;17508;161;0;251904;-512;17508;161;0;258048;-512;17540;197;0;1598;366243;2733512;30432820;38181;76780;0;28016;682384;4259;47952;1562462944;1562127258;747;50247;9254;28661195;148;1;0;1;1;0;1;0;0;17572;26;0;148;1;0;1;1;0;1;0;0;17572;26;0;0;19;3735552;917504;-6422528;3801088;131072;-262144;-262144;0;0;0;917504;4293263360;4293001216;25;38;29;10;14;24;20;47;24;40;300;35000;33700;7900;34400;23000;-4096;-1024;-4096;-1024;0;0;0;0;0;0;0;0;0;0;0;0;0;135563;0
1280;335872;17892;217088;1536;331776;2048;17892;0;0;17956;217088;1280;17892;0;0;18180;335872;-1024;335872;0;18116;335872;0;335872;0;18308;335872;0;335872;11264;18116;335872;0;335872;-1024;17188;18052;335872;-2048;251904;-512;17508;160;0;253952;-512;17508;160;0;251904;-512;17508;161;0;253952;0;17508;160;0;251904;0;17508;161;0;251904;-512;17508;161;0;251904;-512;17508;161;0;258048;-512;17540;197;0;1598;366236;2733461;30432179;38181;76780;0;28016;682384;4259;47951;1562462937;1562127258;747;50247;9253;28660923;141;1;0;1;1;0;1;0;0;17572;26;0;141;1;0;1;1;0;1;0;0;17572;26;0;0;19;4325376;1048576;-5308416;4718592;65536;-262144;-327680;0;0;0;655360;4293132288;4292476928;21;35;39;16;18;17;35;40;19;35;9800;44600;15600;13100;15000;33800;-4096;-1024;-4096;-1024;0;0;0;0;0;0;0;0;0;0;0;0;0;135563;0
2272;337920;17892;217088;1536;331776;2048;17924;0;0;17924;217088;1280;17892;0;0;18212;339968;-1024;339968;6144;18148;339968;0;339968;0;18244;339968;0;339968;3072;18116;339968;-1024;339968;3072;17156;18052;339968;-2048;251904;-512;17508;160;0;253952;0;17508;160;0;251904;0;17508;161;0;253952;-512;17508;160;0;251904;-512;17508;161;0;251904;-512;17508;161;0;251904;-512;17508;161;0;258048;-512;17540;197;0;1598;366232;2733406;30431539;38180;76780;0;28016;682384;4258;47950;1562462930;1562127258;747;50247;9250;28658851;134;1;0;1;1;0;1;0;0;17572;26;0;134;1;0;1;1;0;1;0;0;17572;26;0;0;19;4849664;1114112;-4128768;5242880;0;-262144;-327680;0;0;0;0;4293132288;4292870144;18;27;40;24;25;13;43;41;18;28;19200;39900;4294962096;12600;4294959996;32400;-4096;-1024;-4096;-1024;0;0;0;-2048;0;0;0;0;0;0;0;0;0;135563;0
2144;339968;17860;217088;1536;331776;2048;17892;0;0;17924;217088;1728;17892;0;0;18148;339968;0;339968;12288;18180;339968;-1024;339968;0;18180;339968;-1024;339968;0;18180;339968;0;339968;0;17092;18084;339968;-2048;251904;-512;17508;160;0;253952;-512;17508;160;0;251904;-512;17508;161;0;253952;-512;17508;160;0;251904;0;17508;161;0;251904;-512;17508;161;0;251904;-512;17508;161;0;258048;-512;17540;197;0;1598;366228;2733354;30430895;38180;76780;0;28016;682384;4258;47949;1562462923;1562127258;747;50247;9249;28658579;127;1;0;1;1;0;1;0;0;17572;26;0;127;1;0;1;1;0;1;0;0;17572;26;0;0;19;5505024;983040;-2752512;5570560;-65536;-196608;-393216;0;0;0;4294574080;4293525504;4292214784;18;21;38;29;36;16;48;37;19;24;24500;22300;4294946496;4600;4294941896;20400;-4096;-1024;0;-1024;0;0;0;-2048;0;0;0;0;0;0;0;0;0;135563;0
2176;339968;17956;217088;2560;331776;2048;17956;0;0;17924;217088;1280;17956;0;0;18020;339968;-1024;339968;-1024;18020;339968;0;339968;4096;18180;339968;0;339968;4096;17924;339968;0;339968;4096;17060;18148;339968;-2048;251904;0;17476;160;0;251904;0;17476;160;0;251904;-512;17476;161;0;251904;0;17476;160;0;251904;0;17508;161;0;251904;-512;17508;161;0;251904;0;17508;161;0;258048;-512;17508;197;0;1574;357923;2684077;29886436;37478;77116;0;27724;682784;4199;47088;1562456896;1562127258;696;46481;6473;27874871;40;1;0;1;1;0;1;0;0;17604;26;0;40;1;0;1;1;0;1;0;0;17540;26;0;0;19;6094848;-5701632;-458752;-131072;65536;-262144;-262144;0;0;0;786432;4293263360;4293001216;28;37;24;13;17;27;19;49;27;39;5800;25100;39900;4294963196;37100;19400;-4096;-1024;0;-1024;0;0;0;0;0;0;0;0;0;0;0;0;0;135563;0
1536;344064;18052;217088;1536;331776;2048;18052;0;0;17796;217088;1216;18084;0;0;17092;344064;0;344064;0;16996;344064;-1024;344064;0;17124;344064;0;344064;21504;17412;344064;0;344064;0;16036;19332;344064;-8192;251904;0;17540;160;0;253952;-512;17540;160;0;251904;-512;17572;161;0;253952;0;17572;160;0;253952;-512;17572;161;0;251904;-512;17604;161;0;251904;-512;17572;161;0;258048;-512;17604;197;0;1550;349857;2632906;29313557;36791;77396;0;27516;683200;4116;46184;1562450568;1562127258;681;45569;3972;27130645;12;1;0;1;1;0;1;0;0;17604;26;0;12;1;0;1;1;0;1;0;0;17540;26;0;0;19;-5963776;2228224;5439488;589824;196608;-196608;-327680;0;0;0;1441792;4293525504;4292608000;44;26;8;25;30;47;46;15;31;35;4294960096;31900;38500;8900;41200;17200;-4096;-1024;-4096;-1024;0;0;0;0;0;0;0;0;0;0;0;0;0;135563;0
2688;260096;19556;217088;1536;331776;2048;19588;0;0;19556;217088;1312;19620;0;0;18084;260096;0;260096;0;18084;260096;0;260096;0;18116;260096;0;260096;0;18020;260096;0;260096;-1024;16676;19428;260096;0;260096;-1536;18148;240;2;262144;-1536;18116;240;2;260096;-1536;18116;241;2;262144;-1536;18116;240;2;262144;-2560;18116;241;2;262144;-2560;18116;240;2;262144;-2560;18148;241;2;262144;-2560;18148;241;2;1307;274850;2126559;23700308;29945;81008;0;24268;689800;3329;37325;1562388555;1562127258;510;33314;57292;22138161;99;1;0;1;1;0;1;0;0;18308;29;0;99;1;0;1;1;0;1;0;0;18500;29;0;0;19;6029312;-983040;2490368;5111808;-65536;-65536;-720896;0;0;0;4294836224;4294705152;4289986560;19;23;33;14;19;12;39;11;18;30;4294939496;16600;500;34500;16000;4294960696;-4096;-1024;-4096;-1024;0;0;0;0;1;1;1;1;0;0;0;0;0;135563;0
2784;260096;19588;217088;1536;331776;2048;19588;0;0;19524;217088;1248;19620;0;0;18148;260096;0;260096;0;18148;260096;0;260096;0;18180;260096;0;260096;0;18084;260096;0;260096;0;16676;19460;260096;0;260096;-1536;18116;240;2;262144;-1536;18116;240;2;260096;-1536;18116;241;2;262144;-1536;18116;240;2;262144;-2048;18116;241;2;262144;-2560;18116;240;2;262144;-2560;18148;241;2;262144;-2560;18148;241;2;1307;274839;2126443;23699037;29944;81008;0;24268;689800;3329;37323;1562388542;1562127258;510;33314;57288;22135817;85;1;0;1;1;0;1;0;0;18308;29;0;85;1;0;1;1;0;1;0;0;18500;29;0;0;19;4063232;-4259840;4718592;3538944;65536;-65536;-720896;0;0;0;786432;4294836224;4289855488;17;16;39;18;26;12;39;11;18;23;4294944296;16700;4294956396;35300;3500;4294962596;-4096;-1024;-4096;-1024;0;0;0;0;1;1;1;1;0;0;0;0;0;135563;0
1856;260096;19716;217088;1536;331776;2048;19716;0;0;19588;217088;1248;19716;0;0;18436;260096;0;260096;0;18436;260096;0;260096;0;18500;260096;0;260096;0;18308;260096;-1024;260096;0;16804;19780;260096;0;260096;-1024;18116;240;2;262144;-1536;18116;240;2;260096;-1024;18116;241;2;262144;-1536;18084;240;2;262144;-2560;18116;241;2;262144;-2560;18116;240;2;262144;-2560;18148;241;2;262144;-2560;18148;241;2;1307;274791;2125962;23693274;29940;81008;0;24264;689800;3326;37314;1562388478;1562127258;497;32588;57271;22130585;22;1;0;1;1;0;1;0;0;18308;29;0;22;1;0;1;1;0;1;0;0;18500;29;0;0;19;-7405568;2424832;-1310720;-2883584;-131072;-131072;-720896;0;0;0;4294311936;4294049792;4289724416;35;45;46;16;10;22;39;11;16;45;4294955296;29500;4294955496;30500;4294966296;10500;-4096;-1024;-4096;-1024;0;0;0;0;1;1;1;1;0;0;0;0;0;135563;0
1312;329728;18020;217088;1536;331776;2048;17988;0;0;18372;217088;1216;18020;0;0;18724;329728;12288;329728;-1024;19172;329728;-1024;329728;-1024;19172;329728;2048;329728;-1024;18372;329728;0;329728;0;18212;17476;329728;-1024;262144;-512;17796;160;0;262144;0;17796;160;0;262144;-512;17796;161;0;262144;0;17764;160;0;262144;-512;17764;161;0;262144;-512;17796;160;0;262144;0;17796;161;0;262144;0;17828;161;0;1260;257022;2033543;22591650;28416;82240;0;23124;692160;3149;35581;1562376347;1562127258;386;25796;54296;21047029;131;1;0;1;1;0;1;0;0;18308;26;0;131;1;0;1;1;0;1;0;0;18564;26;0;0;17;-6356992;-3276800;2883584;-3342336;-262144;-131072;720896;0;0;0;4293263360;4294049792;5373952;45;8;14;44;8;11;49;45;37;47;197200;97100;4294773296;94000;4294930796;4294935596;-4096;-1024;-4096;-1024;0;0;0;0;0;0;0;0;0;0;0;0;0;135563;0
1344;329728;18020;217088;2048;331776;2560;18020;0;0;18340;217088;1280;18020;0;0;18724;329728;8192;329728;-1024;19204;329728;-1024;329728;-1024;19172;329728;6144;329728;-1024;18372;329728;0;329728;-1024;18212;17444;329728;-1024;262144;-512;17796;160;0;262144;0;17796;160;0;262144;-512;17796;161;0;262144;0;17764;160;0;262144;0;17764;161;0;262144;-512;17764;160;0;262144;-512;17796;161;0;262144;0;17828;161;0;1260;257019;2033495;22591002;28416;82240;0;23124;692160;3149;35580;1562376340;1562127258;386;25796;54295;21046757;124;1;0;1;1;0;1;0;0;18308;26;0;124;1;0;1;1;0;1;0;0;18564;26;0;0;17;-5636096;-4980736;3407872;-1572864;-196608;-196608;720896;0;0;0;4293525504;4293656576;5505024;46;13;9;39;12;8;46;46;44;46;197300;105800;4294767996;93100;4294936896;4294945796;-4096;-1024;-4096;-1024;0;0;0;0;0;0;0;0;0;0;0;0;0;135563;0
1440;327680;18020;217088;1536;331776;2560;18020;0;0;18404;217088;1184;18052;0;0;18692;327680;0;327680;-1024;19268;327680;-1024;327680;-1024;19044;329728;14336;329728;-1024;18436;329728;-1024;327680;-1024;18180;17412;327680;0;262144;-512;17796;160;0;262144;0;17796;160;0;262144;-512;17796;161;0;262144;0;17764;160;0;262144;0;17764;161;0;262144;-512;17764;160;0;262144;-512;17796;161;0;262144;0;17796;161;0;1260;257009;2033383;22589725;28415;82240;0;23124;692160;3149;35578;1562376326;1562127258;386;25796;54293;21046213;110;1;0;1;1;0;1;0;0;18308;26;0;110;1;0;1;1;0;1;0;0;18564;26;0;0;17;-2752512;-7208960;2621440;2162688;-131072;-327680;720896;0;0;0;4294311936;4292739072;5505024;48;21;7;36;21;6;37;49;51;34;195700;114900;191100;86600;4294956596;4294958396;-4096;-1024;-4096;-1024;0;0;0;0;0;0;0;0;0;0;0;0;0;135563;0
2208;331776;18628;217088;1536;331776;2560;18596;0;0;18628;217088;1632;18628;0;0;18372;333824;0;333824;-1024;18116;333824;1024;333824;0;18532;333824;11264;333824;0;17924;333824;0;333824;-1024;18660;18692;333824;1024;264192;-512;17636;160;0;264192;-512;17604;160;0;262144;0;17604;161;0;264192;0;17604;160;0;264192;-512;17604;161;0;264192;-512;17604;160;0;264192;-512;17636;161;0;264192;-512;17636;161;0;1235;250078;1980588;22013137;27739;82492;0;22920;692568;3075;34668;1562369956;1562127258;291;17491;53009;20534046;40;1;0;1;1;0;1;0;0;17892;26;0;40;1;0;1;1;0;1;0;0;17892;26;0;0;17;-4915200;786432;5570560;-3866624;0;-393216;720896;0;0;0;393216;4292345856;5242880;39;8;18;47;9;19;50;38;45;18;185800;109600;4294785596;87100;4294932496;4294945196;-4096;-1024;-4096;-1024;0;0;0;0;0;0;0;0;0;0;0;0;0;135563;0
1280;344064;17956;217088;2048;331776;2048;17924;0;0;17892;217088;1280;17956;0;0;17252;344064;0;346112;0;17380;344064;14336;346112;0;16996;344064;0;344064;0;17380;346112;5120;346112;0;17796;18532;346112;-4096;262144;-512;17380;160;0;264192;-512;17380;160;0;262144;0;17412;161;0;264192;-512;17380;160;0;264192;-512;17412;161;0;264192;0;17412;160;0;264192;-512;17412;161;0;264192;-512;17412;161;0;1226;247353;1961577;21811801;27523;82548;0;22856;692696;3046;34349;1562367723;1562127258;291;17491;52592;20359078;147;1;0;1;1;0;1;0;0;17540;26;0;147;1;0;1;1;0;1;0;0;17508;26;0;0;17;7143424;-1245184;1900544;3670016;0;262144;720896;0;0;0;131072;1835008;5505024;20;8;35;49;11;36;49;22;24;34;177300;80600;183900;58800;16700;4294914696;-4096;-1024;0;-1024;0;0;0;0;0;0;0;1;0;0;0;0;0;135563;0
2176;346112;17860;217088;1536;331776;2560;17828;16384;0;17796;217088;1280;17892;0;0;17188;346112;0;346112;0;17060;346112;18432;346112;0;16740;346112;0;346112;0;17316;346112;0;346112;0;18052;18148;346112;-4096;262144;-512;17380;160;0;264192;-512;17412;160;0;262144;0;17412;161;0;264192;-512;17412;160;0;264192;-512;17412;161;0;264192;-512;17412;160;0;264192;0;17412;161;0;264192;0;17444;161;0;1226;247290;1960843;21802810;27517;82548;0;22852;692696;3044;34335;1562367625;1562127258;291;17491;52574;20351670;49;1;0;1;1;0;1;0;0;17540;26;0;49;1;0;1;1;0;1;0;0;17508;26;0;0;17;-3211264;-5636096;4849664;-2162688;131072;-327680;786432;0;0;0;1441792;4292608000;5636096;23;46;32;10;21;23;10;22;44;47;177100;91200;177600;86600;25000;4294924596;-4096;-1024;-4096;-1024;0;0;0;0;0;0;0;1;0;0;0;0;0;135563;0
1312;344064;17860;217088;1536;331776;2560;17860;0;0;17796;217088;1696;17892;0;0;17220;344064;-1024;344064;0;17028;344064;14336;344064;0;16740;344064;0;344064;0;17316;344064;4096;344064;0;18020;18180;344064;-3072;262144;-512;17380;160;0;264192;-512;17380;160;0;262144;0;17412;161;0;264192;-512;17380;160;0;264192;-512;17412;161;0;264192;-512;17412;160;0;264192;0;17412;161;0;264192;0;17444;161;0;1226;247289;1960786;21802169;27516;82548;0;22852;692696;3044;34334;1562367618;1562127258;291;17491;52571;20349598;42;1;0;1;1;0;1;0;0;17540;26;0;42;1;0;1;1;0;1;0;0;17508;26;0;0;17;-1638400;-6881280;4587520;-196608;196608;-262144;786432;0;0;0;1835008;4293001216;5636096;20;44;40;13;44;40;12;18;47;42;177000;78700;181200;79100;22700;4294913696;-4096;-1024;-4096;-1024;0;0;0;0;0;0;0;1;0;0;0;0;0;135563;0
1280;339968;17860;217088;2048;331776;2560;17860;0;0;17796;217088;1280;17892;0;0;17220;339968;-1024;339968;0;16996;339968;6144;339968;0;16740;339968;0;339968;0;17284;339968;11264;342016;0;17988;18212;339968;-3072;262144;-512;17380;160;0;264192;-512;17380;160;0;262144;0;17412;161;0;264192;-512;17412;160;0;264192;-512;17412;161;0;264192;-512;17412;160;0;264192;0;17412;161;0;264192;-512;17444;161;0;1225;247285;1960734;21801526;27516;82548;0;22852;692696;3043;34333;1562367611;1562127258;291;17491;52570;20349326;35;1;0;1;1;0;1;0;0;17540;26;0;35;1;0;1;1;0;1;0;0;17508;26;0;0;17;196608;-7405568;3670016;1638400;262144;-262144;720896;0;0;0;2097152;4293132288;5505024;20;37;38;19;37;37;20;18;47;37;177200;69900;187600;70700;16000;4294903796;-4096;-1024;0;-1024;0;0;0;0;0;0;0;1;0;0;0;0;0;135563;0
2176;333824;17860;215040;1536;331776;2560;17860;0;0;17796;217088;1280;17892;0;0;17220;335872;0;335872;0;16996;335872;0;335872;0;16740;335872;3072;335872;0;17284;335872;12288;335872;0;17924;18276;335872;-2048;262144;-512;17380;160;0;264192;-512;17412;160;0;262144;0;17412;161;0;264192;0;17412;160;0;264192;-512;17412;161;0;264192;-512;17412;160;0;264192;0;17412;161;0;264192;0;17444;161;0;1225;247282;1960679;21800884;27515;82540;0;22852;692696;3043;34332;1562367604;1562127258;291;17491;52569;20349054;28;1;0;1;1;0;1;0;0;17540;26;0;28;1;0;1;1;0;1;0;0;17508;26;0;0;17;2097152;-7143424;2097152;3211264;327680;-196608;786432;0;0;0;2752512;4293525504;5636096;22;30;34;25;31;34;25;20;46;29;177300;66000;199500;62700;6000;4294898096;-4096;-1024;0;-1024;0;0;0;-2048;0;0;0;1;0;0;0;0;0;135563;0
1984;321536;17860;217088;1536;331776;2560;17860;0;0;17764;217088;1280;17860;0;0;17252;321536;-1024;321536;-1024;17028;321536;0;321536;0;16740;321536;9216;321536;0;17284;321536;4096;321536;0;17828;18308;321536;0;262144;-512;17380;160;0;264192;-512;17380;160;0;262144;0;17412;161;0;264192;-512;17412;160;0;264192;-512;17412;161;0;264192;-512;17412;160;0;264192;0;17412;161;0;264192;0;17444;161;0;1225;247271;1960607;21800268;27491;82548;0;22848;692696;3043;34331;1562367597;1562127258;291;17491;52568;20348782;21;1;0;1;1;0;1;0;0;17540;26;0;21;1;0;1;1;0;1;0;0;17508;26;0;0;17;3735552;-6160384;65536;4325376;327680;-131072;720896;0;0;0;2752512;4294049792;5505024;26;26;29;28;27;30;28;24;44;25;177300;67600;4294767696;54800;4294963296;4294898996;-4096;-1024;-4096;-1024;0;0;0;0;0;0;0;1;0;0;0;0;0;135563;0
1280;348160;17860;217088;2560;331776;2560;17828;0;0;17764;217088;1184;17860;0;0;17316;348160;0;348160;0;16964;348160;5120;348160;0;16644;350208;14336;350208;0;17348;348160;0;350208;0;17572;18372;348160;-4096;262144;-512;17380;160;0;264192;0;17412;160;0;262144;0;17412;161;0;264192;0;17412;160;0;264192;0;17412;161;0;264192;-512;17412;160;0;264192;-512;17412;161;0;264192;-512;17444;161;0;1225;247243;1960379;21797727;27485;82604;0;22832;692720;3043;34327;1562367569;1562127258;291;17491;52562;20345894;173;1;0;1;1;0;1;0;1;17572;26;0;173;1;0;1;1;0;1;0;0;17572;26;0;0;17;4128768;2359296;-6815744;1179648;262144;131072;786432;0;0;0;2097152;1179648;5636096;43;41;15;15;43;14;14;41;27;21;177400;100500;4294772096;39300;4294958696;4294929796;-4096;-1024;0;-1024;0;0;0;0;0;0;0;1;0;0;0;0;0;135563;0
1248;348160;17860;217088;1536;331776;2560;17796;0;0;17764;217088;1216;17828;0;0;17348;350208;-1024;350208;-1024;16900;350208;14336;350208;0;16612;350208;5120;350208;0;17348;350208;0;350208;0;17572;18372;350208;-4096;262144;-512;17380;160;0;264192;-512;17412;160;0;262144;0;17412;161;0;264192;0;17412;160;0;264192;-512;17412;161;0;264192;-512;17412;160;0;264192;0;17412;161;0;264192;0;17444;161;0;1225;247239;1960323;21797087;27484;82604;0;22832;692720;3043;34326;1562367563;1562127258;291;17491;52561;20345622;166;1;0;1;1;0;1;0;1;17572;26;0;166;1;0;1;1;0;1;0;0;17572;26;0;0;17;2686976;3801088;-7012352;-655360;196608;196608;786432;0;0;0;1835008;1835008;5767168;38;49;19;7;48;20;7;35;24;23;177000;102200;204300;41000;500;4294932496;-4096;-1024;0;-1024;0;0;0;0;0;0;0;1;0;0;0;0;0;135563;0
1248;348160;17860;217088;1536;331776;2560;17796;0;0;17764;217088;1216;17828;0;0;17348;350208;-1024;350208;-1024;16900;350208;14336;350208;0;16612;350208;5120;350208;0;17348;350208;0;350208;0;17572;18372;350208;-4096;262144;-512;17380;160;0;264192;-512;17412;160;0;262144;0;17412;161;0;264192;0;17412;160;0;264192;-512;17412;161;0;264192;-512;17412;160;0;264192;0;17412;161;0;264192;0;17444;161;0;1225;247239;1960323;21797087;27484;82604;0;22832;692720;3043;34326;1562367563;1562127258;291;17491;52561;20345622;166;1;0;1;1;0;1;0;1;17572;26;0;166;1;0;1;1;0;1;0;0;17572;26;0;0;17;2686976;3801088;-7012352;-655360;196608;196608;786432;0;0;0;1835008;1835008;5767168;38;49;19;7;48;20;7;35;24;23;177000;102200;204300;41000;500;4294932496;-4096;-1024;0;-1024;0;0;0;0;0;0;0;1;0;0;0;0;0;135563;0
1248;350208;17828;217088;1536;331776;2048;17796;0;0;17732;217088;1248;17828;0;0;17380;350208;0;350208;0;16804;350208;19456;350208;0;16612;350208;0;350208;0;17348;350208;0;350208;-1024;17604;18404;350208;-4096;262144;0;17380;160;0;264192;-512;17412;160;0;262144;-512;17412;161;0;264192;-512;17412;160;0;264192;-512;17412;161;0;264192;-512;17412;160;0;264192;0;17412;161;0;264192;0;17444;161;0;1225;247235;1960276;21796439;27484;82604;0;22832;692720;3043;34325;1562367555;1562127258;291;17491;52560;20345350;159;1;0;1;1;0;1;0;1;17572;26;0;159;1;0;1;1;0;1;0;0;17572;26;0;0;17;851968;4587520;-6553600;-2359296;131072;196608;786432;0;0;0;1048576;1703936;6029312;30;52;26;4;51;26;5;28;22;26;176700;98800;194100;45000;9900;4294930396;-4096;-1024;0;-1024;0;0;0;0;0;0;0;1;0;0;0;0;0;135563;0
1344;350208;17828;217088;2048;331776;2048;17796;0;0;17764;217088;1280;17828;0;0;17348;352256;-1024;352256;0;16708;352256;19456;352256;0;16612;352256;0;352256;0;17348;352256;0;352256;0;17636;18436;352256;-5120;262144;0;17380;160;0;264192;0;17412;160;0;262144;0;17412;161;0;264192;-512;17412;160;0;264192;-512;17412;161;0;264192;-512;17444;160;0;264192;0;17412;161;0;264192;0;17444;161;0;1225;247230;1960221;21795800;27483;82604;0;22832;692720;3043;34324;1562367548;1562127258;291;17491;52559;20345078;152;1;0;1;1;0;1;0;1;17572;26;0;152;1;0;1;1;0;1;0;0;17572;26;0;0;17;-983040;4849664;-5701632;-3735552;65536;262144;851968;0;0;0;655360;1835008;6291456;14;12;39;46;14;44;47;18;22;23;177000;89500;190300;51500;16200;4294922596;-4096;-1024;0;-1024;0;0;0;0;0;0;0;1;0;0;0;0;0;135563;0
2144;344064;17796;217088;1536;331776;2560;17764;0;0;17732;217088;1280;17796;0;0;17348;344064;0;344064;0;16612;344064;0;344064;0;16676;344064;0;344064;0;17156;344064;12288;344064;0;17764;18340;344064;1024;262144;0;17412;160;0;264192;-512;17412;160;0;262144;-512;17412;161;0;264192;-512;17412;160;0;264192;-512;17412;161;0;264192;0;17444;160;0;264192;-512;17412;161;0;264192;-512;17444;161;0;1225;247218;1960004;21793231;27482;82604;0;22832;692720;3043;34320;1562367520;1562127258;291;17491;52553;20342190;124;1;0;1;1;0;1;0;1;17572;26;0;124;1;0;1;1;0;1;0;0;17572;26;0;0;17;-6815744;262144;524288;-4980736;-196608;65536;851968;0;0;0;4293787648;524288;6160384;42;18;17;39;18;16;40;40;18;32;177300;56000;4294778596;89600;4294955496;4294886896;-4096;-1024;0;-1024;0;0;0;0;0;0;0;1;0;0;0;0;0;135563;0
2176;337920;17764;217088;1536;331776;2048;17764;0;0;17732;217088;1312;17764;0;0;17348;339968;9216;339968;0;16644;337920;0;337920;0;16676;337920;1024;337920;0;17156;337920;2048;339968;0;17764;18276;337920;1024;262144;0;17380;160;0;264192;-512;17412;160;0;262144;-512;17412;161;0;264192;-512;17412;160;0;264192;0;17412;161;0;264192;-512;17444;160;0;264192;-512;17412;161;0;264192;-512;17444;161;0;1225;247214;1959959;21792580;27481;82604;0;22832;692720;3043;34319;1562367513;1562127258;291;17491;52552;20341918;117;1;0;1;1;0;1;0;1;17572;26;0;117;1;0;1;1;0;1;0;0;17572;26;0;0;17;-6946816;-2031616;1966080;-3866624;-196608;-65536;851968;0;0;0;4293656576;4294836224;6291456;43;23;15;31;23;15;33;40;24;37;177600;61200;4294792296;97700;4294940996;4294891496;-4096;-1024;-4096;-1024;0;0;0;-2048;0;0;0;1;0;0;0;0;0;135563;0
1536;272384;18276;215040;1536;331776;2560;18244;0;0;18532;217088;1312;18276;0;0;18500;272384;-1024;272384;-1024;19364;272384;34816;272384;-1024;18788;274432;91136;274432;0;18564;272384;0;272384;-1024;18500;17892;272384;0;270336;9216;17988;240;0;270336;8704;17988;240;0;270336;8192;17956;241;0;270336;8192;17956;240;0;268288;14336;17956;241;0;268288;14848;17956;240;0;268288;15872;17988;241;0;268288;15360;17988;241;0;1166;230565;1837766;20431537;25789;83192;0;22324;693704;2848;32174;1562352499;1562127258;291;17491;49739;19157278;42;1;0;1;1;0;1;0;0;18308;26;0;42;1;0;1;1;0;1;0;0;18756;26;0;0;17;-5701632;524288;5111808;-3407872;327680;-196608;720896;0;0;0;2490368;4293787648;5373952;52;40;4;18;40;4;17;49;40;6;195900;92900;164800;82400;12400;4294938896;-4096;-1024;-4096;-1024;0;0;0;0;0;0;0;0;0;0;0;0;0;135563;0
1760;272384;18276;217088;1536;331776;2048;18276;0;0;18532;217088;1280;18276;0;0;18532;274432;-1024;274432;-1024;19332;274432;68608;274432;-1024;18724;274432;72704;274432;0;18596;274432;-1024;274432;-1024;18532;17892;274432;0;270336;10240;17988;240;0;270336;10240;17988;240;0;270336;9728;17956;241;0;270336;9728;17956;240;0;268288;15872;17956;241;0;268288;16384;17956;240;0;268288;17408;17956;241;0;268288;17408;17988;241;0;1166;230563;1837709;20430897;25789;83192;0;22324;693704;2848;32173;1562352491;1562127258;291;17491;49738;19157006;35;1;0;1;1;0;1;0;0;18308;26;0;35;1;0;1;1;0;1;0;0;18756;26;0;0;17;-5242880;-1703936;5898240;-2293760;327680;-65536;720896;0;0;0;2359296;4294574080;5505024;49;47;8;14;46;8;10;47;30;6;195500;81800;164700;82500;12800;4294927596;-4096;-1024;-4096;-1024;0;0;0;0;0;0;0;0;0;0;0;0;0;135563;0
2528;272384;18276;217088;1536;331776;2048;18276;0;0;18532;217088;1344;18244;0;0;18564;272384;0;272384;-1024;19268;274432;90112;274432;-1024;18724;274432;41984;274432;-1024;18596;272384;-1024;272384;-1024;18532;17892;272384;0;270336;9728;17988;240;0;270336;9216;17988;240;0;270336;8704;17956;241;0;270336;8704;17956;240;0;268288;14848;17956;241;0;268288;15360;17956;240;0;268288;16384;17956;241;0;268288;15872;17988;241;0;1166;230560;1837654;20430255;25788;83192;0;22324;693704;2848;32172;1562352485;1562127258;291;17491;49737;19156734;28;1;0;1;1;0;1;0;0;18308;26;0;28;1;0;1;1;0;1;0;0;18756;26;0;0;17;-4194304;-3670016;6225920;-983040;327680;0;720896;0;0;0;2752512;262144;5505024;39;48;18;21;47;21;10;37;32;4;194900;71600;167700;82500;8800;4294916396;-4096;-1024;-4096;-1024;0;0;0;0;0;0;0;0;0;0;0;0;0;135563;0
2624;258048;18052;215040;1536;331776;4608;18084;0;0;18372;217088;1312;18084;0;0;16964;260096;0;260096;0;16932;260096;0;260096;0;16868;260096;0;260096;0;17028;260096;0;260096;0;17156;17412;260096;0;260096;-1024;17924;240;2;262144;-1024;17924;240;2;260096;-1024;17892;241;2;260096;-1024;17892;240;2;262144;-3072;17892;241;2;262144;-2560;17924;240;2;262144;-3072;17892;240;2;262144;-2560;17924;241;2;961;173893;1407907;15654129;19966;85180;0;20620;697096;2189;24646;1562299802;1562127258;211;12965;39781;14993087;86;1;0;1;1;0;1;0;0;17988;26;0;86;1;0;1;1;0;1;0;0;18052;26;0;1;17;5767168;4718592;-3604480;983040;-65536;196608;786432;0;0;0;4294443008;1703936;5767168;31;32;24;20;31;28;19;24;22;14;176900;74300;192400;83700;9000;4294907796;-4096;-1024;-4096;-1024;-69632;-3072;0;0;0;0;0;0;0;0;0;0;0;135563;0
2208;327680;17988;217088;1536;331776;4608;17924;0;0;18372;217088;1280;17924;0;0;18500;327680;3072;327680;-1024;19012;327680;-1024;327680;-1024;19044;327680;14336;327680;-1024;18596;327680;-1024;327680;-1024;18628;17284;327680;0;262144;0;17892;160;0;262144;-512;17892;160;0;262144;-512;17892;161;0;262144;-512;17860;160;0;262144;0;17860;161;0;262144;-512;17860;160;0;262144;0;17892;160;0;262144;-512;17892;161;0;935;167781;1354303;15057949;19255;85432;0;20404;697512;2111;23708;1562293236;1562127258;199;11945;38546;14474906;0;1;0;1;1;0;1;0;0;18276;26;0;0;1;0;1;1;0;1;0;0;18724;26;0;1;17;458752;6553600;-1966080;-4849664;-196608;-196608;786432;0;0;0;4293525504;4293525504;5898240;48;18;8;38;19;7;39;48;43;6;192800;117500;198500;83600;4294951196;4294958496;-4096;-1024;-4096;-1024;-69632;-3072;0;0;0;0;0;0;0;0;0;0;0;135563;0
2208;329728;17668;217088;1536;331776;4608;17636;0;0;17892;217088;1312;17668;0;0;18596;329728;15360;331776;-1024;18468;329728;-1024;329728;-1024;18660;329728;-1024;329728;-1024;18340;329728;0;329728;-1024;18244;17508;329728;1024;262144;0;17508;160;0;262144;-512;17508;160;0;262144;-512;17508;161;0;262144;-512;17508;160;0;262144;0;17476;161;0;262144;0;17508;160;0;262144;0;17508;160;0;262144;-512;17508;161;0;926;165570;1336648;14859652;19015;85544;0;20320;697664;2084;23396;1562291052;1562127258;180;10510;38124;14302248;156;1;0;1;1;0;1;0;0;17604;26;0;156;1;0;1;1;0;1;0;0;17828;26;0;1;17;720896;6946816;-4587520;-262144;-131072;131072;983040;0;0;0;4294180864;1179648;7077888;23;10;35;47;12;31;46;21;26;16;177300;84200;4294784396;54500;4294932296;4294918996;-4096;-1024;0;-1024;-69632;-3072;0;0;0;0;0;1;0;0;0;0;0;135563;0
2208;329728;17636;217088;1536;331776;4608;17636;0;0;17892;217088;1280;17668;0;0;18564;329728;15360;329728;-1024;18500;329728;-1024;329728;-1024;18692;329728;-1024;329728;-1024;18372;329728;-1024;329728;-1024;18212;17508;329728;1024;262144;0;17508;160;0;262144;-512;17508;160;0;262144;-512;17508;161;0;262144;-512;17508;160;0;262144;0;17476;161;0;262144;0;17508;160;0;262144;0;17508;160;0;262144;-512;17540;161;0;926;165565;1336600;14859006;19014;85544;0;20320;697664;2084;23395;1562291045;1562127258;180;10510;38123;14301976;149;1;0;1;1;0;1;0;0;17604;26;0;149;1;0;1;1;0;1;0;0;17828;26;0;1;17;-1769472;6422528;-4718592;-1835008;-196608;65536;917504;0;0;0;4293787648;786432;6946816;28;10;30;46;12;28;46;26;25;19;177300;89200;4294784396;52900;4294932496;4294923796;-4096;-1024;-4096;-1024;-69632;-3072;0;0;0;0;0;1;0;0;0;0;0;135563;0
2176;331776;17604;217088;1536;331776;4608;17572;0;0;17828;217088;1280;17572;0;0;18500;331776;-1024;331776;-1024;18500;331776;15360;331776;-1024;18468;331776;-1024;331776;-1024;18500;331776;-1024;331776;-1024;18020;17444;331776;1024;262144;0;17508;160;0;262144;-512;17508;160;0;262144;-512;17508;161;0;262144;-512;17476;160;0;262144;0;17476;161;0;262144;0;17508;160;0;262144;0;17508;160;0;262144;-512;17508;161;0;926;165509;1335950;14851321;19009;85544;0;20316;697664;2084;23383;1562290961;1562127258;180;10510;38107;14295112;65;1;0;1;1;0;1;0;0;17604;26;0;65;1;0;1;1;0;1;0;0;17828;26;0;1;17;6160384;2097152;-3014656;4325376;327680;0;851968;0;0;0;2752512;262144;6422528;15;16;42;42;16;41;42;14;29;13;186300;96500;167700;78300;21300;4294937096;-4096;-1024;-4096;-1024;-69632;-3072;0;0;0;0;0;1;0;0;0;0;0;135563;0
1312;333824;17636;215040;1536;331776;4608;17604;0;0;17828;217088;1280;17572;0;0;18532;333824;-1024;333824;-1024;18468;333824;15360;333824;-1024;18500;333824;-1024;333824;-1024;18500;333824;-1024;333824;-1024;18052;17412;333824;1024;262144;-512;17508;160;0;262144;-512;17508;160;0;262144;0;17508;161;0;262144;-512;17476;160;0;262144;0;17476;161;0;262144;0;17508;160;0;262144;0;17508;160;0;262144;-512;17508;161;0;926;165504;1335895;14850681;19008;85544;0;20316;697664;2084;23382;1562290955;1562127258;180;10510;38106;14294840;58;1;0;1;1;0;1;0;0;17604;26;0;58;1;0;1;1;0;1;0;0;17828;26;0;1;17;4390912;4128768;-4390912;3735552;327680;65536;851968;0;0;0;2752512;655360;6422528;21;14;36;43;14;35;44;20;25;9;187800;83400;168600;82100;20300;4294924796;-4096;-1024;-4096;-1024;-69632;-3072;0;0;0;0;0;1;0;0;0;0;0;135563;0
1312;331776;17604;217088;1536;331776;4608;17604;0;0;17860;217088;1216;17572;0;0;18532;333824;-1024;333824;-1024;18404;333824;11264;333824;-1024;18532;333824;-1024;333824;-1024;18500;333824;5120;333824;-1024;18052;17412;333824;1024;262144;-512;17508;160;0;262144;-512;17508;160;0;262144;-512;17476;161;0;262144;-512;17476;160;0;262144;0;17476;161;0;262144;-512;17508;160;0;262144;-512;17476;160;0;262144;-512;17508;161;0;926;165500;1335838;14850044;19008;85544;0;20316;697664;2084;23381;1562290947;1562127258;180;10510;38105;14294568;51;1;0;1;1;0;1;0;0;17604;26;0;51;1;0;1;1;0;1;0;0;17828;26;0;1;17;2097152;5373952;-5439488;2621440;262144;196608;851968;0;0;0;2228224;1441792;6553600;27;14;29;43;14;27;44;25;16;9;188500;71100;176200;85900;14100;4294911596;-4096;-1024;-4096;-1024;-69632;-3072;0;0;0;0;0;1;0;0;0;0;0;135563;0
2240;327680;18052;217088;1536;331776;5120;18052;0;0;18020;217088;1312;18084;0;0;17380;329728;15360;329728;0;17700;327680;-1024;327680;0;18052;327680;0;327680;-1024;17060;327680;0;329728;0;18116;18532;327680;1024;262144;0;17476;160;0;264192;0;17476;160;0;262144;-512;17476;161;0;262144;0;17476;160;0;264192;0;17476;161;0;264192;-512;17476;160;0;264192;-512;17476;160;0;264192;0;17508;161;0;902;158467;1284816;14283659;18280;85796;0;20112;698080;1999;22488;1562284696;1562127258;175;10239;36924;13800541;100;1;0;1;1;0;1;0;0;17604;26;0;100;1;0;1;1;0;1;0;1;17668;26;0;1;17;3342336;5373952;-2883584;4587520;65536;-327680;786432;0;0;0;917504;4292608000;5636096;27;22;29;33;23;28;34;26;30;36;177400;101600;4294764396;41400;4294957596;4294932996;-4096;-1024;0;-1024;-69632;-3072;0;0;0;0;0;1;0;0;0;0;0;135563;0
1248;344064;17892;217088;1536;331776;4608;17892;0;0;17860;217088;1216;17892;0;0;17188;346112;0;346112;0;17572;346112;2048;346112;0;17316;346112;18432;346112;0;17220;346112;-1024;346112;0;17796;18468;346112;-3072;262144;-512;17476;160;0;264192;-512;17476;160;0;262144;0;17476;161;0;264192;-512;17476;160;0;264192;-512;17476;161;0;264192;-512;17476;160;0;264192;-512;17476;160;0;264192;-512;17508;161;0;901;158310;1283204;14264451;18261;85744;0;20088;698096;1996;22458;1562284486;1562127258;175;10239;36884;13783381;70;1;0;1;1;0;1;0;0;17636;26;0;70;1;0;1;1;0;1;0;0;17508;26;0;1;17;2818048;-6160384;4653056;1638400;262144;65536;786432;0;0;0;2228224;917504;5636096;49;47;8;15;45;8;10;46;31;29;177400;102500;185500;51600;17300;4294936496;-4096;-1024;-4096;-1024;-69632;-3072;0;0;0;0;0;1;0;0;0;0;0;135563;0
2208;344064;17892;217088;1536;331776;4608;17860;0;0;17860;217088;1248;17892;0;0;17220;344064;0;344064;0;17540;344064;10240;344064;0;17252;344064;9216;344064;0;17252;344064;0;344064;0;17828;18468;344064;-3072;262144;-512;17476;160;0;264192;0;17476;160;0;262144;0;17476;161;0;264192;0;17476;160;0;264192;-512;17476;161;0;264192;0;17476;160;0;264192;-512;17476;160;0;264192;-512;17508;161;0;901;158304;1283147;14263814;18259;85824;0;20088;698096;1996;22457;1562284479;1562127258;175;10239;36883;13783109;63;1;0;1;1;0;1;0;0;17636;26;0;63;1;0;1;1;0;1;0;0;17508;26;0;1;17;4784128;-5439488;3211264;2686976;262144;131072;851968;0;0;0;1966080;1310720;6160384;24;18;17;42;50;15;10;43;30;29;177200;95900;178700;57600;22600;4294930796;-4096;-1024;-4096;-1024;-69632;-3072;0;0;0;0;0;1;0;0;0;0;0;135563;0
2528;342016;17764;215040;1536;331776;4608;17764;0;0;17732;217088;1312;17764;0;0;17284;342016;-1024;342016;0;17092;342016;15360;342016;0;16996;342016;4096;342016;0;17348;342016;-1024;342016;-1024;17604;18212;342016;-3072;262144;-512;17476;160;0;264192;-512;17476;160;0;262144;-512;17476;161;0;264192;-512;17476;160;0;264192;-512;17476;161;0;264192;0;17508;160;0;264192;0;17476;160;0;264192;-512;17508;161;0;900;158195;1281949;14249736;18227;85824;0;20084;698096;1996;22435;1562284326;1562127258;175;10239;36853;13769925;89;1;0;1;1;0;1;0;0;17540;26;0;89;1;0;1;1;0;1;0;0;17604;26;0;1;17;5242880;2162688;-6160384;589824;196608;131072;851968;0;0;0;1572864;1179648;6160384;37;43;20;15;43;21;13;34;31;25;176800;76000;4294765496;45400;4294964396;4294907596;-4096;-1024;0;-1024;-69632;-3072;0;0;0;0;0;1;0;0;0;0;0;135563;0
2528;342016;17764;215040;1536;331776;4608;17764;0;0;17732;217088;1312;17764;0;0;17284;342016;-1024;342016;0;17092;342016;15360;342016;0;16996;342016;4096;342016;0;17348;342016;-1024;342016;-1024;17604;18212;342016;-3072;262144;-512;17476;160;0;264192;-512;17476;160;0;262144;-512;17476;161;0;264192;-512;17476;160;0;264192;-512;17476;161;0;264192;0;17508;160;0;264192;0;17476;160;0;264192;-512;17508;161;0;900;158195;1281949;14249736;18227;85824;0;20084;698096;1996;22435;1562284326;1562127258;175;10239;36853;13769925;89;1;0;1;1;0;1;0;0;17540;26;0;89;1;0;1;1;0;1;0;0;17604;26;0;1;17;5242880;2162688;-6160384;589824;196608;131072;851968;0;0;0;1572864;1179648;6160384;37;43;20;15;43;21;13;34;31;25;176800;76000;4294765496;45400;4294964396;4294907596;-4096;-1024;0;-1024;-69632;-3072;0;0;0;0;0;1;0;0;0;0;0;135563;0
2144;346112;17796;217088;1536;331776;4608;17732;0;0;17764;217088;1248;17764;0;0;17348;346112;-1024;346112;0;16996;346112;20480;346112;0;16996;346112;0;346112;0;17380;346112;0;346112;0;17604;18244;346112;-3072;262144;0;17476;160;0;264192;0;17476;160;0;262144;-512;17476;161;0;264192;-512;17476;160;0;264192;-512;17476;161;0;264192;0;17508;160;0;264192;0;17476;160;0;262144;0;17508;161;0;900;158191;1281895;14249095;18227;85824;0;20084;698096;1996;22434;1562284318;1562127258;175;10239;36852;13769653;82;1;0;1;1;0;1;0;0;17540;26;0;82;1;0;1;1;0;1;0;0;17604;26;0;1;17;3801088;3801088;-6356992;-1245184;131072;196608;851968;0;0;0;917504;1441792;6422528;29;48;27;8;47;28;9;27;30;25;176300;74800;4294767196;46900;4294963796;4294905396;-4096;-1024;-4096;-1024;-69632;-3072;0;0;0;0;0;1;0;0;0;0;0;135563;0
1248;348160;17796;217088;1536;331776;4608;17732;0;0;17764;217088;1280;17764;0;0;17348;348160;0;348160;0;16900;348160;20480;348160;0;17028;348160;0;348160;0;17348;348160;0;348160;0;17604;18276;348160;-4096;262144;-512;17476;160;0;264192;-512;17476;160;0;262144;-512;17476;161;0;264192;0;17476;160;0;264192;-512;17476;161;0;264192;-512;17508;160;0;264192;0;17476;160;0;264192;0;17508;161;0;900;158187;1281836;14248459;18226;85824;0;20080;698096;1996;22433;1562284311;1562127258;175;10239;36851;13769381;75;1;0;1;1;0;1;0;0;17540;26;0;75;1;0;1;1;0;1;0;0;17604;26;0;1;17;1966080;4784128;-5898240;-2949120;65536;196608;851968;0;0;0;655360;1572864;6553600;21;50;35;4;39;36;5;20;29;26;177100;70700;4294768996;48900;4294962296;4294902296;-4096;-1024;0;-1024;-69632;-3072;0;-2048;0;0;0;1;0;0;0;0;0;135563;0
1248;348160;17796;217088;1536;331776;4608;17732;0;0;17764;217088;1280;17764;0;0;17348;348160;0;348160;0;16900;348160;20480;348160;0;17028;348160;0;348160;0;17348;348160;0;348160;0;17604;18276;348160;-4096;262144;-512;17476;160;0;264192;-512;17476;160;0;262144;-512;17476;161;0;264192;0;17476;160;0;264192;-512;17476;161;0;264192;-512;17508;160;0;264192;0;17476;160;0;264192;0;17508;161;0;900;158187;1281836;14248459;18226;85824;0;20080;698096;1996;22433;1562284311;1562127258;175;10239;36851;13769381;75;1;0;1;1;0;1;0;0;17540;26;0;75;1;0;1;1;0;1;0;0;17604;26;0;1;17;1966080;4784128;-5898240;-2949120;65536;196608;851968;0;0;0;655360;1572864;6553600;21;50;35;4;39;36;5;20;29;26;177100;70700;4294768996;48900;4294962296;4294902296;-4096;-1024;0;-1024;-69632;-3072;0;-2048;0;0;0;1;0;0;0;0;0;135563;0
1280;348160;17796;217088;1536;331776;4608;17732;0;0;17732;217088;1280;17764;0;0;17348;348160;0;348160;0;16836;348160;16384;348160;0;17028;348160;0;348160;0;17348;348160;5120;348160;0;17636;18276;348160;-4096;262144;-512;17476;160;0;264192;-512;17476;160;0;262144;-512;17476;161;0;264192;-512;17476;160;0;264192;0;17508;161;0;264192;-512;17508;160;0;264192;-512;17476;160;0;264192;0;17508;161;0;900;158177;1281785;14247821;18226;85824;0;20080;698096;1996;22432;1562284304;1562127258;175;10239;36850;13769109;68;1;0;1;1;0;1;0;0;17540;26;0;68;1;0;1;1;0;1;0;0;17604;26;0;1;17;-65536;5177344;-4915200;-4456448;-65536;196608;917504;0;0;0;4294705152;1703936;6684672;12;49;44;7;51;46;7;10;29;26;177400;66200;4294772596;53000;4294957896;4294897196;-4096;-1024;0;-1024;-69632;-3072;0;-2048;0;0;0;1;0;0;0;0;0;135563;0
1792;344064;17124;215040;1536;331776;4608;17124;0;0;17444;217088;1280;17124;0;0;17220;346112;16384;346112;0;16548;344064;-1024;344064;0;16708;346112;0;346112;0;16964;346112;0;346112;0;16964;16580;346112;-1024;262144;-512;17700;160;0;262144;-512;17732;160;0;262144;-512;17732;161;0;262144;-512;17732;160;0;262144;0;17732;161;0;262144;-512;17764;160;0;262144;0;17732;160;0;262144;0;17764;161;0;852;146384;1182972;13122148;16875;86272;0;19700;698888;1842;20664;1562271928;1562127258;175;10239;34532;12793213;112;1;0;1;1;0;1;0;0;17604;26;0;112;1;0;1;1;0;1;0;1;17636;26;0;1;17;-6160384;-4456448;3342336;1245184;-196608;-131072;983040;0;0;0;4293656576;4294180864;7471104;25;8;32;47;10;30;47;23;32;50;176800;131200;4294785396;59400;4294952596;4294958596;-4096;-1024;-4096;-1024;-69632;-3072;0;0;0;0;0;1;0;0;0;0;0;135563;0
2112;346112;17092;215040;1536;331776;4608;17124;0;0;17476;217088;1344;17124;0;0;17060;348160;16384;348160;0;16580;348160;0;348160;0;16708;348160;0;348160;0;16996;348160;0;348160;0;16868;16612;348160;-1024;262144;0;17700;160;0;264192;-512;17732;160;0;262144;-512;17732;161;0;262144;-512;17732;160;0;262144;-512;17732;161;0;262144;-512;17764;160;0;262144;0;17732;160;0;262144;-512;17764;161;0;852;146375;1182869;13120861;16874;86244;0;19700;698888;1842;20662;1562271914;1562127258;175;10239;34530;12792669;98;1;0;1;1;0;1;0;0;17604;26;0;98;1;0;1;1;0;1;0;1;17636;26;0;1;17;-1114112;-6946816;720896;4521984;-65536;-262144;983040;0;0;0;4294443008;4293263360;7471104;34;5;22;51;5;22;51;34;36;48;176700;117700;4294770996;48100;4294965696;4294947096;-4096;-1024;-4096;-1024;-69632;-3072;0;-2048;0;0;0;1;0;0;0;0;0;135563;0
2080;354304;17092;215040;2048;331776;4608;17124;0;0;17412;217088;1312;17124;0;0;16900;354304;1024;354304;0;16612;354304;0;354304;0;16580;356352;17408;354304;0;17028;354304;0;354304;0;16804;16612;354304;-2048;262144;0;17732;160;0;264192;0;17732;160;0;262144;-512;17732;161;0;264192;0;17732;160;0;262144;-512;17764;161;0;264192;-512;17764;160;0;262144;-512;17732;160;0;262144;-512;17764;161;0;852;146358;1182704;13118946;16868;86244;0;19696;698888;1841;20659;1562271893;1562127258;175;10239;34525;12790053;77;1;0;1;1;0;1;0;0;17604;26;0;77;1;0;1;1;0;1;0;1;17636;26;0;1;17;6029312;-1638400;-3997696;3801088;65536;-327680;983040;0;0;0;655360;4292608000;7340032;48;15;8;43;15;6;43;48;48;41;177000;101800;4294779996;42400;4294957496;4294930996;-4096;-1024;-4096;-1024;-69632;-3072;0;0;0;0;0;1;0;0;0;0;0;135563;0
1216;356352;17092;215040;1536;331776;4608;17092;0;0;17444;217088;1280;17124;0;0;16868;358400;-1024;358400;0;16612;356352;0;356352;0;16516;358400;17408;358400;0;17060;356352;0;358400;0;16804;16644;358400;-2048;262144;0;17732;160;0;264192;-512;17732;160;0;262144;-512;17732;161;0;264192;0;17732;160;0;262144;-512;17764;161;0;264192;0;17764;160;0;262144;-512;17732;160;0;262144;-512;17764;161;0;852;146341;1182648;13118320;16867;86220;0;19688;698904;1841;20658;1562271887;1562127258;175;10239;34524;12789781;70;1;0;1;1;0;1;0;0;17604;26;0;70;1;0;1;1;0;1;0;1;17636;26;0;1;17;6488064;1572864;-4521984;2228224;131072;-327680;983040;0;0;0;917504;4292608000;7077888;50;22;5;34;22;5;21;50;49;33;176400;103800;4294784896;42600;4294951696;4294931496;-4096;-1024;-4096;-1024;-69632;-3072;0;0;0;0;0;1;0;0;0;0;0;135563;0
1216;358400;17092;215040;1536;331776;4608;17124;0;0;17412;217088;1280;17092;0;0;16900;358400;-1024;358400;0;16644;358400;0;358400;0;16420;358400;17408;358400;0;17060;358400;0;358400;0;16804;16580;358400;-2048;262144;-512;17732;160;0;264192;-512;17732;160;0;262144;-512;17732;161;0;264192;-512;17732;160;0;264192;-512;17764;161;0;264192;-512;17764;160;0;264192;0;17732;160;0;264192;-512;17764;161;0;852;146337;1182592;13117681;16865;86272;0;19688;698904;1841;20657;1562271879;1562127258;175;10239;34523;12789509;63;1;0;1;1;0;1;0;0;17604;26;0;63;1;0;1;1;0;1;0;1;17636;26;0;1;17;5701632;4653056;-3997696;458752;196608;-327680;983040;0;0;0;1572864;4292739072;7208960;51;33;17;23;38;7;17;46;48;23;177000;108400;4294788196;44200;4294947196;4294935496;-4096;-1024;-4096;-1024;-69632;-3072;0;0;0;0;0;1;0;0;0;0;0;135563;0
2080;358400;17092;215040;1536;331776;4608;17092;0;0;17476;217088;1312;17092;0;0;16900;358400;0;358400;0;16612;358400;-1024;358400;0;16356;360448;17408;360448;0;17092;358400;-1024;360448;0;16836;16548;358400;-2048;262144;-512;17732;160;0;264192;-512;17732;160;0;262144;-512;17732;161;0;264192;-512;17732;160;0;264192;-512;17764;161;0;264192;-512;17764;160;0;264192;-512;17732;160;0;264192;0;17764;161;0;851;146331;1182534;13117045;16865;86272;0;19688;698904;1841;20656;1562271872;1562127258;175;10239;34522;12789237;56;1;0;1;1;0;1;0;0;17604;26;0;56;1;0;1;1;0;1;0;1;17636;26;0;1;17;3670016;6881280;-2752512;-1179648;262144;-262144;917504;0;0;0;1966080;4293263360;6946816;38;50;18;23;49;26;9;38;50;17;177000;115400;4294791296;47100;4294945796;4294942496;-4096;-1024;-4096;-1024;-69632;-3072;0;0;0;0;0;1;0;0;0;0;0;135563;0
2752;258048;18468;217088;1536;331776;2048;18500;0;0;18820;217088;1312;18500;0;0;17892;260096;0;260096;0;18340;260096;0;260096;0;18020;260096;0;260096;0;17988;260096;0;260096;0;16996;17796;260096;0;260096;-1536;18244;240;2;260096;-1536;18244;240;2;260096;-1536;18244;241;2;260096;-1536;18212;240;2;260096;-2560;18212;241;2;260096;-2560;18212;240;2;260096;-2560;18244;240;2;260096;-2560;18244;241;2;611;84235;682733;7539573;10070;88780;0;17652;702920;1066;11876;1562210413;1562127258;54;3484;15593;6557542;156;1;0;1;1;0;1;0;0;18436;26;0;156;1;0;1;1;0;1;0;0;18532;26;0;3;17;-3211264;-5046272;2949120;-5177344;-65536;-393216;393216;0;0;0;4294574080;4292214784;2883584;47;20;13;30;18;12;25;42;47;26;186500;119100;204200;82800;4294953696;4294958896;-4096;-1024;-4096;-1024;0;0;0;0;0;0;0;0;0;0;0;0;0;135563;0
2336;311296;18756;217088;1536;331776;4608;18724;0;0;18916;217088;1312;18724;0;0;18628;311296;17408;311296;-1024;19428;311296;-1024;311296;-1024;18660;311296;0;311296;0;19076;311296;-1024;311296;-1024;17284;18532;311296;-1024;262144;-512;18212;160;0;262144;0;18212;160;0;262144;-512;18212;161;0;262144;-512;18180;160;0;262144;-512;18180;161;0;262144;0;18180;160;0;262144;-512;18212;160;0;262144;-512;18212;161;0;610;84043;680637;7514588;10034;88724;0;17732;702936;1062;11837;1562210139;1562127258;53;3434;15541;6536084;63;1;0;1;1;0;1;0;0;18404;26;0;63;1;0;1;1;0;1;0;0;18564;26;0;1;17;-3538944;-851968;1376256;-7471104;-262144;-65536;0;0;0;0;4293001216;4294443008;393216;28;5;30;51;9;29;51;24;21;26;196500;81100;4294774696;89400;4294929896;4294922996;-4096;-1024;-4096;-1024;-73728;-3072;0;0;0;0;0;0;0;0;0;0;0;135563;0
1344;329728;18756;217088;2048;331776;4608;18724;0;0;18948;217088;1312;18724;0;0;18596;329728;19456;329728;0;19460;329728;-1024;329728;-1024;18692;329728;0;329728;0;19108;329728;-1024;329728;-1024;17316;18564;329728;-2048;262144;0;18212;160;0;262144;-512;18212;160;0;262144;0;18212;161;0;262144;-512;18180;160;0;262144;-512;18180;161;0;262144;0;18180;160;0;262144;-512;18212;160;0;262144;-512;18212;161;0;610;84040;680569;7513958;10034;88724;0;17732;702936;1062;11836;1562210132;1562127258;53;3434;15540;6535812;56;1;0;1;1;0;1;0;0;18404;26;0;56;1;0;1;1;0;1;0;0;18564;26;0;1;17;-4194304;-983040;1048576;-7143424;-327680;-131072;-65536;0;0;0;4292608000;4294180864;4294705152;22;5;16;49;10;35;49;20;21;28;198400;80300;4294772996;91600;4294931896;4294923296;-4096;-1024;-4096;-1024;-73728;-3072;0;0;0;0;0;0;0;0;0;0;0;135563;0
1504;327680;17636;217088;1536;331776;2560;17604;0;0;17860;217088;1280;17604;0;0;18020;327680;0;329728;-1024;19044;327680;1024;327680;-1024;18212;327680;0;327680;0;18916;329728;11264;329728;-1024;17412;17188;327680;1024;262144;-512;17700;160;0;262144;-512;17700;160;0;262144;-512;17700;161;0;262144;-512;17700;160;0;262144;-512;17700;161;0;262144;-512;17732;160;0;262144;-512;17700;160;0;262144;-512;17732;161;0;577;71459;611377;6739155;9027;89088;0;17440;703496;930;10611;1562201557;1562127258;10;564;13923;5857704;121;1;0;1;1;0;1;0;0;17796;26;0;121;1;0;1;1;0;1;0;0;17508;26;0;0;17;5046272;-5439488;3538944;1572864;327680;131072;458752;0;0;0;2359296;1048576;3538944;44;12;14;46;11;14;47;41;15;17;186200;56400;177500;73600;6100;4294899896;-4096;-1024;-4096;-1024;0;0;0;0;0;0;0;0;0;0;0;0;0;135563;0
2432;327680;17636;215040;1536;331776;2048;17572;0;0;17860;217088;1280;17572;0;0;18052;329728;-1024;329728;0;19044;329728;1024;329728;-1024;18244;329728;0;329728;0;18916;329728;11264;329728;-1024;17444;17156;329728;1024;262144;0;17700;160;0;262144;-512;17700;160;0;262144;-512;17700;161;0;262144;-512;17700;160;0;262144;-512;17700;161;0;262144;-512;17732;160;0;262144;-512;17700;160;0;262144;-512;17732;161;0;577;71456;611320;6738514;9027;89088;0;17440;703496;930;10610;1562201550;1562127258;10;564;13922;5857432;114;1;0;1;1;0;1;0;0;17796;26;0;114;1;0;1;1;0;1;0;0;17508;26;0;0;17;5963776;-4849664;2293760;2359296;393216;131072;458752;0;0;0;2883584;1048576;3276800;40;9;18;48;9;17;49;38;16;18;185000;57700;177000;69500;7600;4294900796;-4096;-1024;-4096;-1024;0;0;0;0;0;0;0;0;0;0;0;0;0;135563;0
1664;348160;17604;217088;2048;331776;2560;17604;0;0;17636;217088;1280;17636;0;0;17540;348160;3072;348160;-1024;16868;348160;0;348160;0;16676;348160;14336;348160;0;16804;348160;0;348160;0;17604;17796;348160;-3072;262144;-512;17444;160;0;264192;-512;17444;160;0;262144;-512;17444;161;0;264192;-512;17444;160;0;264192;-512;17444;161;0;264192;-512;17476;160;0;264192;0;17444;160;0;264192;0;17476;161;0;528;59104;507014;5600046;7633;92000;0;14640;709200;759;8815;1562188985;1562127258;6;332;11565;4866792;149;1;0;1;1;0;1;0;0;17636;32;0;149;1;0;1;1;0;1;0;0;17572;32;0;0;17;5963776;4587520;-3604480;-393216;-262144;65536;131072;0;0;0;4293001216;524288;1441792;41;11;15;47;9;14;47;40;45;12;177100;76600;4294802196;76700;4294919996;4294907296;-4096;-1024;0;-1024;0;0;0;0;0;0;0;1;0;0;0;0;0;135563;0
